program_id,Математика,Совместная магистратура НИУ ВШЭ и ЦПМ,Анализ данных в биологии и медицине,Биоинформатика в агробиотехнологиях,Науки о данных,Математика машинного обучения,Информационная безопасность и технологии искусственного интеллекта,Информационная безопасность в кредитно-финансовой сфере,Компьютерные системы и сети,Системная и программная инженерия,Системное программирование,Прикладные модели искусственного интеллекта,Технологии искусственного интеллекта в телекоммуникациях,Современные компьютерные науки,Физика,Химия молекулярных систем и материалов,Управление пространственным развитием городов,Управление низкоуглеродным развитием,Системный анализ и математические технологии,Прикладная социальная психология,Позитивная психология,Персонология. Консультативная психология и психотерапия,"Управление исследованиями, разработками и инновациями в компании",Управление и экономика здравоохранения,"Управление в сфере науки, технологий и инноваций",Прикладная электроника и фотоника,Интернет вещей и киберфизические системы,Клеточная и молекулярная биотехнология,Когнитивные науки и технологии: от нейрона к познанию,Аппаратно-программные комплексы искусственного интеллекта,Международная торговая политика,Мировая экономика,Маркетинг: цифровые технологии и маркетинговые коммуникации,Международный менеджмент,Литературное мастерство,Компьютерная лингвистика,Теория языка и полевая лингвистика,Культурные исследования,История художественной культуры и рынок искусства,Дизайн,"Классический и современный Восток: языки, культуры, религии",Интерактивные медиа и цифровые индустрии,Кинопроизводство,Комплексный социальный анализ,Демография,Государственное и муниципальное управление,Финансовая экономика,Экономика и экономическая политика,Статистический анализ в экономике,Стохастическое моделирование в экономике и финансах,Стратегический менеджмент: инвестиции и консалтинг,Операционная эффективность и производственные системы,Население и развитие,Стратегическое управление финансами фирмы,Сравнительные социальные исследования,Современное частное право,Публичное право,Право международной торговли и разрешение споров,Международные отношения: европейские и азиатские исследования,Юрист в бизнесе,Юрист в правосудии,Цифровое право,Сравнительное правоведение и фундаментальный правовой анализ,Фармправо и здравоохранение,Финансовые рынки и финансовые институты,Государственно-конфессиональные отношения. Правовое регулирование деятельности религиозных объединений,Комплаенс и профилактика правовых рисков,Социальный анализ рынков на цифровых и опросных данных,Социология публичной сферы и цифровая аналитика,Бизнес-информатика: цифровое предприятие и управление информационными системами,Современная журналистика,Политика. Экономика. Философия,Прикладная политология,Цифровые коммуникации и продуктовая аналитика,Коммуникации в государственных структурах и НКО,Интегрированные коммуникации,Современные медиаисследования и аналитика,Современные технологии преподавания дизайна и искусства,Педагогическое образование,Медиаменеджмент,Философские исследования,Современное востоковедение,Русский язык как иностранный,Аналитик деловой разведки,Обучение и оценивание как наука,UX-аналитика и проектирование информационных систем,Машинное обучение и анализ данных,Физика,Аналитика данных для бизнеса и экономики,Аналитика данных для бизнеса и экономики,Финансы,Международный бизнес в странах Азиатско-Тихоокеанского региона,Городское развитие и управление,Стратегическое управление логистикой и цепями поставок,Менеджмент в индустрии впечатлений,Современный социальный анализ,Право интеллектуальной собственности в цифровую эпоху,Гражданское и коммерческое право,Право и государственное управление,Медиапроизводство и медиааналитика,Языковые технологии в бизнесе и образовании,Русская литература в кросс-культурной и интермедиальной перспективах,Глобальная и региональная история,Дизайн,Кросс-культурные исследования Азии и Африки в контексте международных отношений,Анализ данных для государства и общества,Анализ данных для государства и общества,Экономика и бизнес-консалтинг,Бизнес- и ИТ-архитектура высокотехнологичных компаний,Вычислительная биология и биоинформатика,Иностранные языки и межкультурная коммуникация,Нейробиология,Цифровой инжиниринг в телекоммуникациях,Цифровые технологии в гуманитарных исследованиях,Археологические исследования,Исторические исследования,Филологические исследования,Психологическое сопровождение в сфере управления здоровьем и благополучием,Социальное предпринимательство и инновации,Политика и глобальное управление в Евразии,Политика и глобальное управление в Евразии,Религиозная дипломатия в многополярном мире,Умные устройства: аппаратная разработка,Пространственные данные и прикладная геоаналитика,Доказательное развитие образования
Математика,45.0,15.0,4.0,1.0,16.0,8.0,2.0,2.0,6.0,5.0,3.0,10.0,4.0,18.0,4.0,1.0,0.0,0.0,12.0,0.0,0.0,0.0,1.0,0.0,0.0,1.0,1.0,1.0,0.0,3.0,0.0,1.0,0.0,0.0,0.0,1.0,0.0,0.0,0.0,0.0,0.0,0.0,0.0,0.0,0.0,0.0,2.0,1.0,1.0,2.0,1.0,0.0,0.0,2.0,0.0,0.0,0.0,0.0,0.0,0.0,0.0,0.0,0.0,0.0,0.0,0.0,0.0,0.0,0.0,3.0,0.0,0.0,0.0,0.0,0.0,0.0,0.0,0.0,1.0,0.0,0.0,0.0,0.0,0.0,0.0,0.0,2.0,1.0,0.0,0.0,0.0,0.0,0.0,0.0,0.0,0.0,0.0,0.0,0.0,0.0,0.0,0.0,0.0,0.0,0.0,0.0,0.0,0.0,0.0,1.0,0.0,1.0,2.0,0.0,0.0,0.0,0.0,0.0,0.0,0.0,0.0,0.0,5.0,0.0,0.0
Совместная магистратура НИУ ВШЭ и ЦПМ,15.0,30.0,5.0,1.0,9.0,7.0,2.0,2.0,5.0,3.0,3.0,9.0,3.0,13.0,2.0,0.0,0.0,0.0,9.0,0.0,0.0,0.0,1.0,0.0,0.0,1.0,1.0,1.0,0.0,2.0,0.0,0.0,1.0,1.0,0.0,0.0,0.0,0.0,0.0,0.0,0.0,0.0,0.0,0.0,0.0,0.0,1.0,0.0,0.0,0.0,1.0,0.0,0.0,1.0,0.0,0.0,0.0,0.0,0.0,0.0,0.0,0.0,0.0,0.0,0.0,0.0,0.0,0.0,0.0,2.0,0.0,0.0,0.0,0.0,0.0,0.0,0.0,0.0,3.0,0.0,0.0,0.0,0.0,0.0,0.0,0.0,1.0,0.0,0.0,0.0,0.0,0.0,0.0,0.0,0.0,0.0,0.0,0.0,0.0,0.0,0.0,0.0,0.0,0.0,0.0,0.0,0.0,0.0,0.0,1.0,0.0,1.0,1.0,0.0,0.0,0.0,0.0,0.0,0.0,0.0,0.0,0.0,2.0,0.0,0.0
Анализ данных в биологии и медицине,4.0,5.0,48.0,13.0,20.0,12.0,7.0,6.0,7.0,6.0,6.0,16.0,7.0,17.0,2.0,3.0,0.0,0.0,11.0,0.0,0.0,0.0,2.0,1.0,0.0,2.0,2.0,9.0,0.0,4.0,0.0,0.0,0.0,0.0,0.0,1.0,0.0,0.0,0.0,0.0,0.0,0.0,0.0,0.0,0.0,0.0,0.0,0.0,3.0,2.0,0.0,1.0,0.0,0.0,0.0,0.0,0.0,0.0,0.0,0.0,0.0,0.0,0.0,1.0,0.0,0.0,0.0,0.0,0.0,8.0,0.0,0.0,0.0,0.0,0.0,0.0,0.0,0.0,1.0,0.0,0.0,0.0,0.0,0.0,0.0,3.0,4.0,0.0,1.0,2.0,0.0,0.0,0.0,0.0,0.0,0.0,0.0,0.0,0.0,0.0,0.0,0.0,0.0,0.0,0.0,0.0,0.0,0.0,0.0,3.0,0.0,6.0,2.0,1.0,0.0,0.0,0.0,0.0,0.0,0.0,0.0,0.0,8.0,0.0,0.0
Биоинформатика в агробиотехнологиях,1.0,1.0,13.0,18.0,6.0,4.0,2.0,3.0,3.0,2.0,2.0,5.0,3.0,4.0,0.0,0.0,0.0,0.0,3.0,0.0,0.0,0.0,1.0,0.0,0.0,0.0,1.0,5.0,0.0,1.0,0.0,0.0,0.0,0.0,0.0,0.0,0.0,0.0,0.0,0.0,0.0,0.0,0.0,0.0,0.0,0.0,0.0,0.0,1.0,1.0,0.0,1.0,0.0,1.0,0.0,0.0,0.0,0.0,0.0,0.0,0.0,0.0,0.0,0.0,1.0,0.0,0.0,0.0,0.0,4.0,0.0,0.0,0.0,0.0,0.0,0.0,0.0,0.0,0.0,0.0,0.0,0.0,0.0,0.0,0.0,1.0,1.0,0.0,0.0,0.0,0.0,0.0,0.0,0.0,0.0,0.0,0.0,0.0,0.0,0.0,0.0,0.0,0.0,0.0,0.0,0.0,0.0,0.0,1.0,2.0,0.0,2.0,1.0,0.0,0.0,0.0,0.0,0.0,0.0,0.0,0.0,0.0,4.0,0.0,0.0
Науки о данных,16.0,9.0,20.0,6.0,120.0,50.0,11.0,10.0,20.0,19.0,19.0,54.0,14.0,65.0,2.0,2.0,0.0,0.0,33.0,0.0,0.0,0.0,3.0,0.0,0.0,2.0,2.0,2.0,0.0,5.0,0.0,3.0,1.0,1.0,0.0,5.0,0.0,1.0,0.0,1.0,0.0,0.0,0.0,0.0,0.0,1.0,9.0,4.0,10.0,14.0,2.0,0.0,0.0,1.0,0.0,0.0,0.0,0.0,0.0,0.0,0.0,0.0,0.0,0.0,7.0,0.0,0.0,0.0,0.0,17.0,0.0,1.0,0.0,1.0,0.0,0.0,0.0,0.0,1.0,0.0,1.0,0.0,0.0,1.0,0.0,4.0,9.0,0.0,1.0,1.0,0.0,0.0,0.0,0.0,0.0,0.0,0.0,0.0,0.0,0.0,0.0,0.0,0.0,0.0,0.0,0.0,0.0,0.0,1.0,3.0,0.0,2.0,3.0,1.0,0.0,1.0,0.0,0.0,0.0,0.0,0.0,0.0,17.0,1.0,0.0
Математика машинного обучения,8.0,7.0,12.0,4.0,50.0,72.0,12.0,9.0,21.0,13.0,14.0,44.0,14.0,50.0,4.0,3.0,0.0,0.0,24.0,0.0,0.0,0.0,1.0,0.0,0.0,2.0,2.0,2.0,0.0,6.0,0.0,1.0,0.0,0.0,0.0,2.0,0.0,0.0,0.0,0.0,0.0,0.0,0.0,0.0,0.0,0.0,5.0,1.0,3.0,5.0,1.0,0.0,0.0,1.0,0.0,0.0,0.0,0.0,0.0,0.0,0.0,0.0,0.0,0.0,2.0,0.0,0.0,0.0,0.0,8.0,0.0,0.0,0.0,0.0,0.0,0.0,0.0,0.0,0.0,0.0,0.0,0.0,0.0,0.0,0.0,3.0,5.0,0.0,0.0,1.0,0.0,0.0,0.0,0.0,0.0,0.0,0.0,0.0,0.0,0.0,0.0,0.0,0.0,0.0,0.0,0.0,0.0,0.0,1.0,2.0,0.0,2.0,2.0,1.0,0.0,0.0,0.0,0.0,0.0,0.0,0.0,0.0,11.0,0.0,0.0
Информационная безопасность и технологии искусственного интеллекта,2.0,2.0,7.0,2.0,11.0,12.0,74.0,33.0,33.0,21.0,19.0,16.0,16.0,15.0,2.0,1.0,1.0,0.0,16.0,1.0,1.0,2.0,4.0,1.0,1.0,3.0,9.0,4.0,1.0,13.0,3.0,3.0,0.0,3.0,0.0,2.0,0.0,0.0,1.0,1.0,0.0,2.0,1.0,0.0,1.0,2.0,3.0,3.0,4.0,3.0,1.0,0.0,0.0,1.0,0.0,1.0,2.0,1.0,0.0,1.0,3.0,2.0,1.0,1.0,0.0,0.0,2.0,0.0,0.0,9.0,3.0,0.0,1.0,1.0,1.0,0.0,1.0,0.0,0.0,3.0,0.0,0.0,0.0,0.0,0.0,1.0,2.0,0.0,0.0,1.0,0.0,0.0,0.0,0.0,0.0,0.0,0.0,0.0,0.0,0.0,0.0,0.0,0.0,0.0,0.0,0.0,0.0,0.0,2.0,1.0,0.0,4.0,8.0,1.0,0.0,0.0,0.0,0.0,0.0,0.0,0.0,0.0,10.0,0.0,0.0
Информационная безопасность в кредитно-финансовой сфере,2.0,2.0,6.0,3.0,10.0,9.0,33.0,46.0,17.0,13.0,12.0,9.0,8.0,10.0,2.0,0.0,1.0,0.0,10.0,0.0,1.0,0.0,2.0,1.0,1.0,3.0,6.0,2.0,0.0,7.0,1.0,2.0,1.0,2.0,0.0,1.0,0.0,0.0,0.0,0.0,1.0,1.0,1.0,0.0,1.0,0.0,2.0,1.0,2.0,2.0,1.0,1.0,0.0,1.0,0.0,0.0,0.0,0.0,0.0,0.0,1.0,1.0,0.0,0.0,1.0,1.0,1.0,0.0,0.0,10.0,3.0,0.0,0.0,0.0,1.0,0.0,0.0,0.0,0.0,2.0,0.0,0.0,0.0,1.0,0.0,1.0,1.0,0.0,0.0,0.0,0.0,0.0,0.0,0.0,0.0,0.0,0.0,0.0,0.0,0.0,0.0,0.0,0.0,0.0,0.0,0.0,0.0,0.0,1.0,1.0,0.0,2.0,5.0,1.0,0.0,1.0,0.0,0.0,0.0,0.0,0.0,0.0,7.0,0.0,0.0
Компьютерные системы и сети,6.0,5.0,7.0,3.0,20.0,21.0,33.0,17.0,94.0,37.0,31.0,27.0,21.0,31.0,1.0,0.0,1.0,0.0,30.0,0.0,0.0,0.0,4.0,1.0,2.0,4.0,13.0,1.0,0.0,16.0,3.0,2.0,4.0,2.0,0.0,0.0,0.0,1.0,0.0,5.0,0.0,2.0,0.0,0.0,0.0,0.0,3.0,1.0,4.0,3.0,1.0,0.0,0.0,0.0,0.0,0.0,0.0,0.0,0.0,0.0,0.0,0.0,0.0,0.0,2.0,0.0,0.0,0.0,0.0,13.0,0.0,0.0,0.0,0.0,0.0,0.0,2.0,0.0,0.0,2.0,0.0,0.0,0.0,0.0,0.0,2.0,3.0,0.0,0.0,1.0,0.0,0.0,0.0,0.0,0.0,0.0,0.0,0.0,0.0,0.0,0.0,0.0,0.0,0.0,0.0,0.0,0.0,0.0,2.0,2.0,1.0,1.0,10.0,0.0,0.0,0.0,0.0,0.0,0.0,0.0,0.0,0.0,15.0,0.0,0.0
Системная и программная инженерия,5.0,3.0,6.0,2.0,19.0,13.0,21.0,13.0,37.0,68.0,43.0,20.0,11.0,26.0,2.0,1.0,1.0,0.0,16.0,0.0,0.0,0.0,4.0,0.0,2.0,2.0,7.0,2.0,0.0,9.0,1.0,2.0,2.0,1.0,0.0,1.0,0.0,0.0,0.0,3.0,0.0,1.0,0.0,0.0,0.0,0.0,2.0,1.0,2.0,2.0,0.0,0.0,0.0,0.0,0.0,0.0,0.0,0.0,0.0,0.0,0.0,0.0,0.0,0.0,1.0,0.0,0.0,0.0,0.0,13.0,0.0,0.0,0.0,0.0,0.0,0.0,1.0,0.0,0.0,1.0,0.0,0.0,0.0,0.0,0.0,1.0,3.0,0.0,0.0,1.0,0.0,0.0,0.0,0.0,0.0,0.0,0.0,0.0,0.0,0.0,0.0,0.0,0.0,0.0,0.0,0.0,0.0,0.0,2.0,1.0,0.0,2.0,8.0,1.0,0.0,0.0,0.0,0.0,0.0,0.0,0.0,0.0,11.0,0.0,0.0
Системное программирование,3.0,3.0,6.0,2.0,19.0,14.0,19.0,12.0,31.0,43.0,56.0,17.0,12.0,24.0,1.0,0.0,1.0,0.0,17.0,0.0,0.0,0.0,2.0,0.0,1.0,2.0,7.0,1.0,0.0,8.0,1.0,2.0,0.0,0.0,0.0,1.0,0.0,0.0,0.0,0.0,0.0,1.0,0.0,0.0,0.0,0.0,2.0,1.0,2.0,3.0,0.0,0.0,0.0,1.0,0.0,0.0,0.0,0.0,0.0,0.0,0.0,0.0,0.0,0.0,1.0,0.0,0.0,0.0,0.0,10.0,0.0,0.0,0.0,1.0,0.0,0.0,1.0,0.0,0.0,1.0,0.0,0.0,0.0,0.0,0.0,1.0,2.0,0.0,0.0,0.0,0.0,0.0,0.0,0.0,0.0,0.0,0.0,0.0,0.0,0.0,0.0,0.0,0.0,0.0,0.0,0.0,0.0,0.0,1.0,1.0,0.0,1.0,5.0,1.0,0.0,0.0,0.0,0.0,0.0,0.0,0.0,0.0,12.0,0.0,0.0
Прикладные модели искусственного интеллекта,10.0,9.0,16.0,5.0,54.0,44.0,16.0,9.0,27.0,20.0,17.0,87.0,23.0,53.0,3.0,1.0,1.0,0.0,34.0,0.0,0.0,0.0,4.0,0.0,2.0,3.0,5.0,2.0,0.0,12.0,0.0,3.0,1.0,1.0,0.0,2.0,0.0,0.0,0.0,1.0,0.0,1.0,0.0,0.0,0.0,0.0,4.0,1.0,6.0,7.0,2.0,0.0,0.0,1.0,0.0,0.0,0.0,0.0,0.0,0.0,0.0,0.0,0.0,0.0,3.0,0.0,0.0,0.0,0.0,13.0,0.0,0.0,0.0,0.0,0.0,0.0,1.0,0.0,1.0,1.0,0.0,0.0,0.0,0.0,0.0,3.0,6.0,0.0,0.0,2.0,0.0,0.0,0.0,0.0,0.0,0.0,0.0,0.0,0.0,0.0,0.0,0.0,0.0,0.0,0.0,0.0,0.0,0.0,2.0,3.0,0.0,2.0,5.0,1.0,0.0,0.0,0.0,0.0,0.0,0.0,0.0,0.0,15.0,1.0,0.0
Технологии искусственного интеллекта в телекоммуникациях,4.0,3.0,7.0,3.0,14.0,14.0,16.0,8.0,21.0,11.0,12.0,23.0,35.0,20.0,1.0,1.0,1.0,0.0,21.0,0.0,0.0,0.0,3.0,0.0,1.0,3.0,6.0,1.0,0.0,11.0,1.0,1.0,1.0,0.0,0.0,1.0,0.0,0.0,0.0,1.0,0.0,1.0,0.0,0.0,0.0,0.0,3.0,1.0,3.0,3.0,0.0,0.0,0.0,1.0,0.0,0.0,0.0,0.0,0.0,0.0,0.0,0.0,0.0,0.0,0.0,0.0,0.0,0.0,0.0,7.0,0.0,0.0,0.0,0.0,0.0,1.0,1.0,0.0,0.0,1.0,0.0,0.0,0.0,0.0,0.0,2.0,2.0,0.0,0.0,1.0,0.0,0.0,0.0,0.0,0.0,0.0,0.0,0.0,0.0,0.0,0.0,0.0,0.0,0.0,0.0,0.0,0.0,0.0,1.0,1.0,0.0,1.0,5.0,1.0,0.0,0.0,0.0,0.0,0.0,0.0,0.0,0.0,10.0,0.0,0.0
Современные компьютерные науки,18.0,13.0,17.0,4.0,65.0,50.0,15.0,10.0,31.0,26.0,24.0,53.0,20.0,112.0,1.0,3.0,1.0,0.0,34.0,0.0,0.0,0.0,3.0,0.0,2.0,2.0,4.0,3.0,0.0,8.0,1.0,3.0,4.0,3.0,0.0,3.0,0.0,0.0,0.0,1.0,0.0,1.0,0.0,0.0,0.0,0.0,5.0,2.0,5.0,4.0,1.0,0.0,0.0,1.0,0.0,0.0,0.0,0.0,0.0,0.0,0.0,0.0,0.0,0.0,2.0,0.0,0.0,0.0,0.0,14.0,0.0,0.0,0.0,0.0,0.0,0.0,1.0,0.0,2.0,1.0,0.0,0.0,0.0,0.0,0.0,4.0,6.0,0.0,1.0,2.0,0.0,0.0,0.0,0.0,0.0,0.0,0.0,0.0,0.0,0.0,0.0,0.0,0.0,0.0,0.0,0.0,0.0,0.0,1.0,3.0,0.0,3.0,4.0,1.0,0.0,0.0,0.0,0.0,0.0,0.0,0.0,0.0,21.0,0.0,0.0
Физика,4.0,2.0,2.0,0.0,2.0,4.0,2.0,2.0,1.0,2.0,1.0,3.0,1.0,1.0,23.0,1.0,0.0,0.0,2.0,0.0,0.0,0.0,0.0,0.0,0.0,7.0,1.0,0.0,0.0,4.0,0.0,0.0,0.0,0.0,0.0,0.0,0.0,0.0,0.0,0.0,0.0,1.0,0.0,0.0,0.0,0.0,0.0,0.0,0.0,0.0,0.0,0.0,0.0,0.0,0.0,0.0,0.0,0.0,0.0,0.0,0.0,0.0,0.0,0.0,0.0,0.0,0.0,0.0,0.0,0.0,0.0,0.0,0.0,0.0,0.0,0.0,0.0,0.0,0.0,0.0,0.0,0.0,0.0,0.0,0.0,0.0,0.0,2.0,0.0,0.0,0.0,0.0,0.0,0.0,0.0,0.0,0.0,0.0,0.0,0.0,0.0,0.0,0.0,0.0,0.0,0.0,0.0,0.0,0.0,0.0,0.0,1.0,2.0,0.0,0.0,0.0,0.0,0.0,0.0,0.0,0.0,0.0,3.0,0.0,0.0
Химия молекулярных систем и материалов,1.0,0.0,3.0,0.0,2.0,3.0,1.0,0.0,0.0,1.0,0.0,1.0,1.0,3.0,1.0,21.0,0.0,0.0,1.0,0.0,0.0,0.0,0.0,0.0,0.0,0.0,0.0,3.0,0.0,0.0,0.0,0.0,1.0,0.0,0.0,0.0,0.0,0.0,0.0,0.0,0.0,0.0,0.0,0.0,0.0,0.0,0.0,0.0,0.0,1.0,0.0,0.0,0.0,0.0,0.0,0.0,0.0,0.0,0.0,0.0,0.0,0.0,0.0,0.0,0.0,0.0,0.0,0.0,0.0,0.0,0.0,0.0,0.0,0.0,0.0,0.0,0.0,0.0,0.0,0.0,0.0,0.0,0.0,0.0,0.0,2.0,2.0,0.0,1.0,2.0,0.0,0.0,0.0,0.0,0.0,0.0,0.0,0.0,0.0,0.0,0.0,0.0,0.0,0.0,0.0,0.0,0.0,0.0,0.0,0.0,0.0,1.0,0.0,0.0,0.0,0.0,0.0,0.0,0.0,0.0,0.0,0.0,0.0,0.0,0.0
Управление пространственным развитием городов,0.0,0.0,0.0,0.0,0.0,0.0,1.0,1.0,1.0,1.0,1.0,1.0,1.0,1.0,0.0,0.0,50.0,2.0,1.0,1.0,1.0,1.0,6.0,3.0,6.0,0.0,1.0,0.0,1.0,1.0,3.0,4.0,6.0,7.0,1.0,1.0,0.0,1.0,0.0,0.0,0.0,3.0,2.0,2.0,2.0,7.0,3.0,5.0,3.0,1.0,3.0,3.0,3.0,2.0,2.0,1.0,2.0,1.0,2.0,1.0,0.0,3.0,1.0,0.0,1.0,1.0,3.0,1.0,2.0,1.0,1.0,3.0,1.0,3.0,3.0,2.0,3.0,0.0,1.0,3.0,1.0,0.0,0.0,2.0,1.0,0.0,0.0,0.0,1.0,1.0,1.0,1.0,4.0,1.0,2.0,1.0,0.0,0.0,0.0,1.0,0.0,0.0,0.0,0.0,0.0,1.0,0.0,2.0,0.0,0.0,1.0,0.0,0.0,1.0,0.0,1.0,0.0,2.0,2.0,0.0,0.0,0.0,1.0,6.0,2.0
Управление низкоуглеродным развитием,0.0,0.0,0.0,0.0,0.0,0.0,0.0,0.0,0.0,0.0,0.0,0.0,0.0,0.0,0.0,0.0,2.0,11.0,0.0,0.0,0.0,0.0,0.0,0.0,0.0,0.0,0.0,1.0,0.0,0.0,0.0,0.0,0.0,0.0,0.0,0.0,0.0,0.0,0.0,0.0,0.0,0.0,0.0,0.0,0.0,0.0,0.0,0.0,0.0,0.0,0.0,0.0,0.0,0.0,0.0,0.0,0.0,0.0,0.0,0.0,0.0,0.0,0.0,0.0,0.0,0.0,0.0,0.0,0.0,0.0,0.0,0.0,0.0,0.0,0.0,0.0,0.0,0.0,2.0,0.0,0.0,0.0,0.0,0.0,0.0,0.0,0.0,0.0,0.0,0.0,0.0,0.0,0.0,0.0,0.0,0.0,0.0,0.0,0.0,0.0,0.0,0.0,0.0,0.0,0.0,0.0,0.0,0.0,0.0,0.0,1.0,1.0,0.0,0.0,0.0,0.0,0.0,0.0,0.0,0.0,0.0,0.0,0.0,4.0,0.0
Системный анализ и математические технологии,12.0,9.0,11.0,3.0,33.0,24.0,16.0,10.0,30.0,16.0,17.0,34.0,21.0,34.0,2.0,1.0,1.0,0.0,75.0,0.0,0.0,0.0,3.0,0.0,1.0,5.0,6.0,1.0,0.0,13.0,1.0,2.0,2.0,2.0,0.0,1.0,0.0,0.0,0.0,1.0,0.0,1.0,0.0,0.0,1.0,0.0,6.0,1.0,4.0,8.0,4.0,2.0,0.0,4.0,0.0,0.0,0.0,0.0,0.0,0.0,0.0,0.0,0.0,0.0,3.0,0.0,0.0,0.0,0.0,15.0,0.0,0.0,0.0,1.0,0.0,0.0,1.0,0.0,2.0,1.0,0.0,0.0,0.0,1.0,0.0,3.0,5.0,0.0,0.0,2.0,0.0,0.0,0.0,0.0,0.0,0.0,0.0,0.0,0.0,0.0,0.0,0.0,0.0,0.0,0.0,0.0,0.0,0.0,3.0,3.0,0.0,1.0,6.0,1.0,0.0,0.0,0.0,0.0,0.0,0.0,0.0,0.0,18.0,0.0,0.0
Прикладная социальная психология,0.0,0.0,0.0,0.0,0.0,0.0,1.0,0.0,0.0,0.0,0.0,0.0,0.0,0.0,0.0,0.0,1.0,0.0,0.0,68.0,24.0,30.0,1.0,2.0,3.0,0.0,0.0,0.0,14.0,0.0,3.0,2.0,5.0,7.0,2.0,0.0,0.0,2.0,2.0,3.0,0.0,5.0,5.0,2.0,1.0,3.0,3.0,4.0,3.0,2.0,5.0,1.0,1.0,3.0,2.0,2.0,3.0,2.0,4.0,4.0,3.0,3.0,0.0,2.0,3.0,1.0,2.0,1.0,3.0,0.0,5.0,0.0,2.0,6.0,6.0,6.0,5.0,0.0,2.0,5.0,2.0,0.0,1.0,1.0,7.0,0.0,0.0,0.0,1.0,2.0,2.0,2.0,2.0,2.0,1.0,1.0,1.0,1.0,1.0,2.0,0.0,1.0,0.0,0.0,2.0,1.0,0.0,2.0,0.0,0.0,2.0,0.0,0.0,0.0,1.0,0.0,1.0,5.0,1.0,1.0,0.0,0.0,0.0,0.0,1.0
Позитивная психология,0.0,0.0,0.0,0.0,0.0,0.0,1.0,1.0,0.0,0.0,0.0,0.0,0.0,0.0,0.0,0.0,1.0,0.0,0.0,24.0,58.0,42.0,1.0,4.0,2.0,0.0,0.0,0.0,12.0,0.0,3.0,2.0,5.0,5.0,2.0,0.0,0.0,0.0,2.0,3.0,1.0,5.0,3.0,1.0,1.0,2.0,2.0,2.0,3.0,2.0,3.0,1.0,1.0,3.0,1.0,2.0,4.0,2.0,2.0,4.0,4.0,2.0,0.0,3.0,2.0,1.0,1.0,1.0,1.0,0.0,2.0,1.0,1.0,4.0,5.0,2.0,3.0,1.0,5.0,5.0,3.0,1.0,1.0,1.0,8.0,0.0,0.0,0.0,1.0,2.0,2.0,2.0,2.0,2.0,1.0,1.0,1.0,1.0,1.0,2.0,0.0,1.0,0.0,0.0,2.0,1.0,0.0,2.0,0.0,0.0,2.0,0.0,0.0,0.0,1.0,1.0,1.0,6.0,1.0,1.0,0.0,0.0,0.0,0.0,1.0
Персонология. Консультативная психология и психотерапия,0.0,0.0,0.0,0.0,0.0,0.0,2.0,0.0,0.0,0.0,0.0,0.0,0.0,0.0,0.0,0.0,1.0,0.0,0.0,30.0,42.0,91.0,1.0,2.0,2.0,0.0,0.0,0.0,18.0,0.0,3.0,2.0,8.0,7.0,1.0,0.0,0.0,1.0,2.0,2.0,0.0,7.0,5.0,1.0,1.0,4.0,2.0,3.0,3.0,2.0,5.0,1.0,1.0,4.0,1.0,2.0,5.0,2.0,2.0,5.0,6.0,3.0,0.0,3.0,3.0,1.0,3.0,1.0,2.0,0.0,4.0,1.0,3.0,5.0,6.0,3.0,4.0,0.0,5.0,6.0,3.0,1.0,1.0,1.0,8.0,0.0,0.0,0.0,1.0,2.0,2.0,2.0,2.0,2.0,1.0,1.0,1.0,1.0,1.0,2.0,0.0,1.0,0.0,0.0,2.0,1.0,0.0,2.0,0.0,0.0,2.0,1.0,0.0,0.0,1.0,1.0,1.0,7.0,1.0,1.0,0.0,0.0,0.0,0.0,1.0
"Управление исследованиями, разработками и инновациями в компании",1.0,1.0,2.0,1.0,3.0,1.0,4.0,2.0,4.0,4.0,2.0,4.0,3.0,3.0,0.0,0.0,6.0,0.0,3.0,1.0,1.0,1.0,49.0,3.0,14.0,1.0,3.0,2.0,1.0,3.0,7.0,8.0,10.0,12.0,0.0,0.0,0.0,0.0,0.0,2.0,0.0,5.0,2.0,1.0,1.0,3.0,7.0,5.0,5.0,3.0,11.0,8.0,1.0,2.0,1.0,0.0,1.0,0.0,3.0,0.0,0.0,2.0,0.0,0.0,6.0,1.0,2.0,1.0,2.0,12.0,1.0,1.0,0.0,4.0,3.0,4.0,4.0,0.0,0.0,7.0,0.0,0.0,0.0,3.0,1.0,0.0,0.0,0.0,3.0,2.0,2.0,1.0,1.0,2.0,2.0,1.0,0.0,0.0,0.0,2.0,0.0,0.0,0.0,1.0,0.0,1.0,0.0,2.0,3.0,0.0,1.0,2.0,1.0,0.0,0.0,0.0,0.0,1.0,2.0,0.0,0.0,1.0,3.0,1.0,1.0
Управление и экономика здравоохранения,0.0,0.0,1.0,0.0,0.0,0.0,1.0,1.0,1.0,0.0,0.0,0.0,0.0,0.0,0.0,0.0,3.0,0.0,0.0,2.0,4.0,2.0,3.0,37.0,4.0,0.0,0.0,0.0,2.0,0.0,4.0,5.0,5.0,7.0,0.0,1.0,0.0,3.0,2.0,1.0,2.0,3.0,3.0,4.0,4.0,17.0,5.0,5.0,3.0,3.0,5.0,4.0,7.0,6.0,4.0,3.0,5.0,4.0,5.0,4.0,4.0,5.0,3.0,8.0,5.0,4.0,2.0,4.0,4.0,1.0,4.0,5.0,3.0,3.0,4.0,3.0,3.0,2.0,2.0,4.0,2.0,2.0,1.0,3.0,3.0,0.0,0.0,0.0,1.0,2.0,2.0,2.0,3.0,2.0,2.0,1.0,1.0,1.0,1.0,1.0,0.0,0.0,0.0,0.0,1.0,1.0,0.0,2.0,0.0,0.0,3.0,0.0,0.0,2.0,2.0,5.0,0.0,3.0,1.0,1.0,0.0,3.0,0.0,1.0,5.0
"Управление в сфере науки, технологий и инноваций",0.0,0.0,0.0,0.0,0.0,0.0,1.0,1.0,2.0,2.0,1.0,2.0,1.0,2.0,0.0,0.0,6.0,0.0,1.0,3.0,2.0,2.0,14.0,4.0,38.0,0.0,1.0,1.0,3.0,2.0,2.0,4.0,14.0,18.0,1.0,0.0,0.0,4.0,2.0,4.0,1.0,5.0,4.0,1.0,1.0,6.0,6.0,5.0,1.0,2.0,15.0,10.0,3.0,5.0,2.0,1.0,1.0,1.0,3.0,1.0,1.0,2.0,1.0,1.0,4.0,2.0,2.0,2.0,3.0,7.0,1.0,2.0,2.0,7.0,6.0,7.0,7.0,0.0,2.0,6.0,2.0,3.0,1.0,4.0,2.0,0.0,0.0,0.0,3.0,2.0,2.0,1.0,2.0,2.0,2.0,1.0,0.0,0.0,0.0,2.0,0.0,0.0,0.0,1.0,0.0,1.0,0.0,3.0,2.0,0.0,2.0,0.0,0.0,1.0,1.0,1.0,2.0,1.0,3.0,0.0,0.0,1.0,3.0,0.0,2.0
Прикладная электроника и фотоника,1.0,1.0,2.0,0.0,2.0,2.0,3.0,3.0,4.0,2.0,2.0,3.0,3.0,2.0,7.0,0.0,0.0,0.0,5.0,0.0,0.0,0.0,1.0,0.0,0.0,16.0,4.0,0.0,0.0,6.0,0.0,0.0,0.0,0.0,0.0,1.0,0.0,0.0,0.0,0.0,0.0,1.0,0.0,0.0,1.0,0.0,0.0,0.0,0.0,0.0,0.0,0.0,0.0,0.0,0.0,0.0,0.0,0.0,0.0,0.0,0.0,0.0,0.0,0.0,0.0,0.0,0.0,0.0,0.0,1.0,0.0,0.0,0.0,0.0,0.0,0.0,0.0,0.0,0.0,0.0,0.0,0.0,0.0,0.0,0.0,0.0,0.0,0.0,0.0,0.0,0.0,0.0,0.0,0.0,0.0,0.0,0.0,0.0,0.0,0.0,0.0,0.0,0.0,0.0,0.0,0.0,0.0,0.0,0.0,0.0,1.0,0.0,4.0,1.0,0.0,0.0,0.0,0.0,0.0,0.0,0.0,0.0,4.0,0.0,0.0
Интернет вещей и киберфизические системы,1.0,1.0,2.0,1.0,2.0,2.0,9.0,6.0,13.0,7.0,7.0,5.0,6.0,4.0,1.0,0.0,1.0,0.0,6.0,0.0,0.0,0.0,3.0,0.0,1.0,4.0,20.0,1.0,0.0,14.0,0.0,0.0,0.0,0.0,0.0,1.0,0.0,0.0,0.0,1.0,0.0,1.0,0.0,0.0,0.0,0.0,0.0,0.0,0.0,1.0,0.0,0.0,0.0,1.0,0.0,0.0,0.0,0.0,0.0,0.0,0.0,0.0,0.0,0.0,0.0,0.0,0.0,0.0,0.0,4.0,0.0,0.0,0.0,1.0,0.0,0.0,1.0,0.0,0.0,1.0,0.0,0.0,0.0,1.0,0.0,0.0,1.0,0.0,0.0,1.0,0.0,0.0,0.0,0.0,0.0,0.0,0.0,0.0,0.0,0.0,0.0,0.0,0.0,0.0,0.0,0.0,0.0,0.0,1.0,0.0,1.0,1.0,10.0,1.0,0.0,0.0,0.0,0.0,0.0,0.0,0.0,0.0,5.0,0.0,0.0
Клеточная и молекулярная биотехнология,1.0,1.0,9.0,5.0,2.0,2.0,4.0,2.0,1.0,2.0,1.0,2.0,1.0,3.0,0.0,3.0,0.0,1.0,1.0,0.0,0.0,0.0,2.0,0.0,1.0,0.0,1.0,37.0,0.0,1.0,0.0,0.0,1.0,0.0,1.0,0.0,0.0,0.0,0.0,0.0,0.0,0.0,0.0,0.0,0.0,0.0,0.0,0.0,0.0,0.0,0.0,0.0,0.0,0.0,0.0,0.0,0.0,0.0,0.0,0.0,0.0,0.0,0.0,0.0,0.0,0.0,0.0,0.0,0.0,1.0,0.0,0.0,0.0,0.0,0.0,0.0,0.0,0.0,0.0,0.0,0.0,0.0,0.0,0.0,0.0,0.0,0.0,0.0,0.0,0.0,0.0,0.0,0.0,0.0,0.0,0.0,0.0,0.0,0.0,0.0,0.0,0.0,0.0,0.0,0.0,0.0,0.0,0.0,0.0,1.0,0.0,14.0,1.0,0.0,0.0,0.0,0.0,0.0,0.0,0.0,0.0,0.0,1.0,1.0,0.0
Когнитивные науки и технологии: от нейрона к познанию,0.0,0.0,0.0,0.0,0.0,0.0,1.0,0.0,0.0,0.0,0.0,0.0,0.0,0.0,0.0,0.0,1.0,0.0,0.0,14.0,12.0,18.0,1.0,2.0,3.0,0.0,0.0,0.0,29.0,0.0,2.0,1.0,3.0,4.0,1.0,1.0,0.0,1.0,1.0,2.0,1.0,3.0,2.0,2.0,1.0,2.0,1.0,1.0,2.0,2.0,2.0,1.0,2.0,2.0,3.0,1.0,0.0,1.0,1.0,3.0,3.0,2.0,0.0,1.0,1.0,0.0,2.0,1.0,1.0,0.0,2.0,1.0,2.0,4.0,3.0,2.0,3.0,0.0,4.0,3.0,2.0,2.0,1.0,1.0,7.0,0.0,0.0,0.0,1.0,1.0,1.0,1.0,1.0,1.0,1.0,1.0,0.0,0.0,0.0,1.0,0.0,0.0,0.0,1.0,0.0,1.0,0.0,1.0,0.0,0.0,2.0,2.0,0.0,0.0,2.0,0.0,1.0,3.0,1.0,0.0,0.0,0.0,0.0,0.0,1.0
Аппаратно-программные комплексы искусственного интеллекта,3.0,2.0,4.0,1.0,5.0,6.0,13.0,7.0,16.0,9.0,8.0,12.0,11.0,8.0,4.0,0.0,1.0,0.0,13.0,0.0,0.0,0.0,3.0,0.0,2.0,6.0,14.0,1.0,0.0,29.0,0.0,1.0,0.0,0.0,0.0,1.0,0.0,0.0,0.0,0.0,0.0,1.0,0.0,0.0,0.0,0.0,1.0,0.0,1.0,1.0,0.0,0.0,0.0,0.0,0.0,0.0,0.0,0.0,0.0,0.0,0.0,0.0,0.0,0.0,0.0,0.0,0.0,0.0,0.0,5.0,0.0,0.0,0.0,0.0,0.0,0.0,1.0,0.0,0.0,1.0,0.0,0.0,0.0,0.0,0.0,1.0,2.0,0.0,0.0,1.0,0.0,0.0,0.0,0.0,0.0,0.0,0.0,0.0,0.0,0.0,0.0,0.0,0.0,0.0,0.0,0.0,0.0,0.0,1.0,1.0,0.0,1.0,12.0,1.0,0.0,0.0,0.0,0.0,0.0,0.0,0.0,0.0,11.0,0.0,0.0
Международная торговая политика,0.0,0.0,0.0,0.0,0.0,0.0,3.0,1.0,3.0,1.0,1.0,0.0,1.0,1.0,0.0,0.0,3.0,0.0,1.0,3.0,3.0,3.0,7.0,4.0,2.0,0.0,0.0,0.0,2.0,0.0,57.0,36.0,16.0,18.0,0.0,0.0,0.0,0.0,1.0,1.0,1.0,7.0,4.0,1.0,1.0,13.0,23.0,32.0,17.0,10.0,12.0,3.0,3.0,14.0,1.0,3.0,5.0,4.0,10.0,4.0,3.0,5.0,2.0,3.0,19.0,3.0,4.0,1.0,2.0,5.0,3.0,6.0,4.0,7.0,3.0,5.0,4.0,1.0,1.0,9.0,2.0,4.0,0.0,3.0,1.0,0.0,0.0,0.0,2.0,3.0,3.0,3.0,3.0,3.0,2.0,1.0,1.0,1.0,1.0,1.0,0.0,0.0,0.0,0.0,1.0,1.0,0.0,3.0,0.0,0.0,3.0,0.0,0.0,0.0,1.0,3.0,0.0,2.0,2.0,1.0,0.0,1.0,0.0,0.0,3.0
Мировая экономика,1.0,0.0,0.0,0.0,3.0,1.0,3.0,2.0,2.0,2.0,2.0,3.0,1.0,3.0,0.0,0.0,4.0,0.0,2.0,2.0,2.0,2.0,8.0,5.0,4.0,0.0,0.0,0.0,1.0,1.0,36.0,78.0,18.0,23.0,0.0,0.0,0.0,0.0,1.0,0.0,1.0,4.0,3.0,1.0,1.0,14.0,35.0,45.0,24.0,18.0,18.0,6.0,2.0,26.0,1.0,2.0,5.0,2.0,10.0,3.0,2.0,4.0,2.0,2.0,26.0,3.0,2.0,1.0,3.0,7.0,2.0,8.0,4.0,4.0,4.0,3.0,3.0,1.0,1.0,7.0,2.0,3.0,0.0,5.0,1.0,0.0,0.0,0.0,2.0,3.0,2.0,3.0,2.0,3.0,2.0,1.0,1.0,1.0,1.0,1.0,0.0,0.0,0.0,0.0,1.0,1.0,0.0,3.0,0.0,0.0,3.0,0.0,1.0,0.0,1.0,3.0,0.0,2.0,2.0,1.0,0.0,1.0,1.0,0.0,4.0
Маркетинг: цифровые технологии и маркетинговые коммуникации,0.0,1.0,0.0,0.0,1.0,0.0,0.0,1.0,4.0,2.0,0.0,1.0,1.0,4.0,0.0,1.0,6.0,0.0,2.0,5.0,5.0,8.0,10.0,5.0,14.0,0.0,0.0,1.0,3.0,0.0,16.0,18.0,128.0,57.0,2.0,0.0,0.0,3.0,3.0,7.0,1.0,27.0,14.0,4.0,3.0,13.0,9.0,16.0,7.0,4.0,34.0,12.0,2.0,12.0,3.0,3.0,3.0,3.0,5.0,5.0,3.0,3.0,1.0,2.0,15.0,2.0,2.0,3.0,9.0,12.0,11.0,4.0,3.0,27.0,15.0,28.0,13.0,0.0,0.0,27.0,2.0,1.0,2.0,6.0,2.0,0.0,0.0,0.0,3.0,4.0,3.0,4.0,3.0,4.0,5.0,2.0,2.0,2.0,1.0,2.0,0.0,0.0,0.0,1.0,1.0,1.0,0.0,5.0,2.0,0.0,3.0,0.0,1.0,1.0,1.0,2.0,2.0,2.0,4.0,2.0,0.0,1.0,1.0,0.0,2.0
Международный менеджмент,0.0,1.0,0.0,0.0,1.0,0.0,3.0,2.0,2.0,1.0,0.0,1.0,0.0,3.0,0.0,0.0,7.0,0.0,2.0,7.0,5.0,7.0,12.0,7.0,18.0,0.0,0.0,0.0,4.0,0.0,18.0,23.0,57.0,123.0,1.0,1.0,0.0,4.0,5.0,5.0,1.0,18.0,11.0,2.0,3.0,17.0,12.0,16.0,7.0,4.0,50.0,18.0,4.0,20.0,3.0,4.0,4.0,5.0,15.0,5.0,4.0,6.0,1.0,4.0,18.0,3.0,4.0,3.0,5.0,10.0,11.0,6.0,5.0,19.0,11.0,18.0,12.0,0.0,2.0,27.0,2.0,6.0,2.0,9.0,2.0,0.0,0.0,0.0,3.0,4.0,4.0,6.0,4.0,4.0,7.0,1.0,1.0,1.0,1.0,3.0,0.0,0.0,0.0,1.0,1.0,1.0,0.0,5.0,2.0,0.0,7.0,0.0,0.0,2.0,1.0,4.0,1.0,3.0,4.0,3.0,1.0,4.0,1.0,0.0,3.0
Литературное мастерство,0.0,0.0,0.0,0.0,0.0,0.0,0.0,0.0,0.0,0.0,0.0,0.0,0.0,0.0,0.0,0.0,1.0,0.0,0.0,2.0,2.0,1.0,0.0,0.0,1.0,0.0,0.0,1.0,1.0,0.0,0.0,0.0,2.0,1.0,38.0,1.0,0.0,6.0,5.0,2.0,0.0,4.0,5.0,0.0,0.0,0.0,0.0,0.0,0.0,0.0,0.0,0.0,0.0,0.0,0.0,0.0,0.0,0.0,2.0,0.0,0.0,0.0,0.0,0.0,0.0,0.0,0.0,0.0,0.0,0.0,5.0,1.0,0.0,2.0,3.0,2.0,3.0,0.0,4.0,5.0,1.0,1.0,1.0,0.0,1.0,0.0,0.0,0.0,0.0,0.0,0.0,0.0,0.0,0.0,0.0,0.0,0.0,0.0,0.0,2.0,0.0,5.0,0.0,0.0,0.0,0.0,0.0,0.0,0.0,0.0,5.0,1.0,0.0,1.0,0.0,0.0,11.0,0.0,0.0,0.0,0.0,0.0,0.0,1.0,0.0
Компьютерная лингвистика,1.0,0.0,1.0,0.0,5.0,2.0,2.0,1.0,0.0,1.0,1.0,2.0,1.0,3.0,0.0,0.0,1.0,0.0,1.0,0.0,0.0,0.0,0.0,1.0,0.0,1.0,1.0,0.0,1.0,1.0,0.0,0.0,0.0,1.0,1.0,31.0,7.0,1.0,1.0,0.0,1.0,1.0,2.0,1.0,2.0,2.0,0.0,1.0,0.0,0.0,2.0,1.0,0.0,0.0,1.0,0.0,0.0,0.0,3.0,0.0,0.0,0.0,0.0,1.0,0.0,0.0,0.0,1.0,1.0,1.0,0.0,1.0,1.0,1.0,0.0,1.0,1.0,0.0,0.0,1.0,0.0,2.0,2.0,1.0,0.0,0.0,0.0,0.0,0.0,0.0,0.0,0.0,0.0,0.0,0.0,0.0,0.0,0.0,0.0,0.0,1.0,0.0,0.0,0.0,0.0,0.0,0.0,0.0,0.0,0.0,8.0,0.0,1.0,16.0,0.0,1.0,1.0,0.0,0.0,0.0,0.0,0.0,2.0,1.0,0.0
Теория языка и полевая лингвистика,0.0,0.0,0.0,0.0,0.0,0.0,0.0,0.0,0.0,0.0,0.0,0.0,0.0,0.0,0.0,0.0,0.0,0.0,0.0,0.0,0.0,0.0,0.0,0.0,0.0,0.0,0.0,0.0,0.0,0.0,0.0,0.0,0.0,0.0,0.0,7.0,14.0,0.0,0.0,0.0,1.0,0.0,0.0,0.0,0.0,0.0,0.0,0.0,0.0,0.0,0.0,0.0,0.0,0.0,0.0,0.0,0.0,0.0,0.0,0.0,0.0,0.0,0.0,0.0,0.0,0.0,0.0,0.0,0.0,0.0,0.0,0.0,0.0,0.0,0.0,0.0,0.0,0.0,0.0,0.0,0.0,1.0,2.0,0.0,0.0,0.0,0.0,0.0,0.0,0.0,0.0,0.0,0.0,0.0,0.0,0.0,0.0,0.0,0.0,0.0,0.0,0.0,0.0,0.0,0.0,0.0,0.0,0.0,0.0,0.0,4.0,0.0,0.0,6.0,0.0,0.0,1.0,0.0,0.0,0.0,0.0,0.0,0.0,0.0,0.0
Культурные исследования,0.0,0.0,0.0,0.0,1.0,0.0,0.0,0.0,1.0,0.0,0.0,0.0,0.0,0.0,0.0,0.0,1.0,0.0,0.0,2.0,0.0,1.0,0.0,3.0,4.0,0.0,0.0,0.0,1.0,0.0,0.0,0.0,3.0,4.0,6.0,1.0,0.0,37.0,14.0,5.0,1.0,5.0,7.0,2.0,1.0,5.0,1.0,2.0,0.0,0.0,2.0,1.0,0.0,1.0,2.0,1.0,1.0,1.0,7.0,1.0,2.0,1.0,1.0,2.0,3.0,1.0,1.0,2.0,4.0,0.0,4.0,5.0,3.0,2.0,4.0,4.0,4.0,1.0,3.0,4.0,5.0,2.0,1.0,1.0,1.0,0.0,0.0,0.0,0.0,0.0,0.0,0.0,1.0,0.0,1.0,0.0,0.0,0.0,0.0,1.0,0.0,0.0,0.0,1.0,0.0,0.0,0.0,1.0,0.0,0.0,4.0,0.0,0.0,3.0,4.0,6.0,3.0,0.0,1.0,0.0,0.0,2.0,0.0,0.0,0.0
История художественной культуры и рынок искусства,0.0,0.0,0.0,0.0,0.0,0.0,1.0,0.0,0.0,0.0,0.0,0.0,0.0,0.0,0.0,0.0,0.0,0.0,0.0,2.0,2.0,2.0,0.0,2.0,2.0,0.0,0.0,0.0,1.0,0.0,1.0,1.0,3.0,5.0,5.0,1.0,0.0,14.0,35.0,6.0,2.0,3.0,5.0,2.0,1.0,6.0,1.0,2.0,1.0,0.0,2.0,1.0,0.0,2.0,2.0,1.0,2.0,1.0,5.0,1.0,2.0,1.0,1.0,3.0,3.0,1.0,1.0,2.0,4.0,0.0,3.0,2.0,2.0,2.0,3.0,3.0,4.0,1.0,2.0,3.0,5.0,2.0,1.0,1.0,1.0,0.0,0.0,0.0,0.0,0.0,0.0,0.0,0.0,0.0,0.0,0.0,0.0,0.0,0.0,0.0,0.0,1.0,0.0,0.0,0.0,0.0,0.0,0.0,0.0,0.0,4.0,0.0,0.0,3.0,3.0,5.0,3.0,0.0,0.0,0.0,0.0,2.0,0.0,0.0,0.0
Дизайн,0.0,0.0,0.0,0.0,1.0,0.0,1.0,0.0,5.0,3.0,0.0,1.0,1.0,1.0,0.0,0.0,0.0,0.0,1.0,3.0,3.0,2.0,2.0,1.0,4.0,0.0,1.0,0.0,2.0,0.0,1.0,0.0,7.0,5.0,2.0,0.0,0.0,5.0,6.0,84.0,2.0,7.0,3.0,0.0,0.0,3.0,1.0,0.0,0.0,0.0,3.0,1.0,0.0,2.0,0.0,1.0,2.0,1.0,4.0,2.0,1.0,1.0,1.0,1.0,2.0,1.0,1.0,1.0,3.0,3.0,5.0,1.0,1.0,5.0,4.0,4.0,2.0,8.0,2.0,2.0,3.0,1.0,2.0,0.0,2.0,0.0,0.0,0.0,1.0,1.0,1.0,0.0,0.0,1.0,1.0,0.0,0.0,0.0,0.0,1.0,0.0,0.0,0.0,12.0,0.0,0.0,0.0,1.0,1.0,0.0,4.0,0.0,1.0,1.0,1.0,1.0,0.0,1.0,1.0,0.0,0.0,2.0,1.0,0.0,0.0
"Классический и современный Восток: языки, культуры, религии",0.0,0.0,0.0,0.0,0.0,0.0,0.0,1.0,0.0,0.0,0.0,0.0,0.0,0.0,0.0,0.0,0.0,0.0,0.0,0.0,1.0,0.0,0.0,2.0,1.0,0.0,0.0,0.0,1.0,0.0,1.0,1.0,1.0,1.0,0.0,1.0,1.0,1.0,2.0,2.0,27.0,1.0,1.0,0.0,0.0,3.0,1.0,1.0,1.0,1.0,1.0,0.0,0.0,1.0,0.0,1.0,1.0,1.0,7.0,1.0,1.0,1.0,1.0,1.0,1.0,1.0,1.0,1.0,1.0,0.0,2.0,2.0,1.0,1.0,1.0,1.0,1.0,0.0,0.0,1.0,2.0,15.0,2.0,0.0,1.0,0.0,0.0,0.0,0.0,0.0,0.0,0.0,0.0,0.0,0.0,0.0,0.0,0.0,0.0,0.0,0.0,0.0,0.0,0.0,4.0,0.0,0.0,0.0,0.0,0.0,1.0,1.0,0.0,2.0,2.0,4.0,0.0,0.0,0.0,0.0,0.0,3.0,0.0,0.0,0.0
Интерактивные медиа и цифровые индустрии,0.0,0.0,0.0,0.0,0.0,0.0,2.0,1.0,2.0,1.0,1.0,1.0,1.0,1.0,1.0,0.0,3.0,0.0,1.0,5.0,5.0,7.0,5.0,3.0,5.0,1.0,1.0,0.0,3.0,1.0,7.0,4.0,27.0,18.0,4.0,1.0,0.0,5.0,3.0,7.0,1.0,71.0,29.0,3.0,3.0,8.0,2.0,2.0,2.0,2.0,9.0,2.0,1.0,3.0,2.0,2.0,3.0,2.0,7.0,2.0,3.0,3.0,2.0,2.0,5.0,1.0,2.0,3.0,5.0,2.0,22.0,4.0,3.0,22.0,13.0,20.0,25.0,1.0,2.0,47.0,1.0,3.0,2.0,3.0,3.0,0.0,0.0,0.0,1.0,1.0,1.0,2.0,2.0,1.0,2.0,1.0,0.0,0.0,0.0,4.0,0.0,2.0,0.0,1.0,1.0,1.0,0.0,1.0,0.0,0.0,6.0,0.0,0.0,2.0,1.0,3.0,1.0,2.0,1.0,1.0,0.0,3.0,1.0,0.0,1.0
Кинопроизводство,0.0,0.0,0.0,0.0,0.0,0.0,1.0,1.0,0.0,0.0,0.0,0.0,0.0,0.0,0.0,0.0,2.0,0.0,0.0,5.0,3.0,5.0,2.0,3.0,4.0,0.0,0.0,0.0,2.0,0.0,4.0,3.0,14.0,11.0,5.0,2.0,0.0,7.0,5.0,3.0,1.0,29.0,72.0,2.0,2.0,7.0,2.0,3.0,2.0,2.0,5.0,2.0,1.0,2.0,2.0,2.0,3.0,2.0,5.0,3.0,3.0,3.0,2.0,2.0,4.0,1.0,2.0,3.0,3.0,1.0,13.0,4.0,3.0,13.0,10.0,13.0,11.0,0.0,1.0,28.0,1.0,2.0,2.0,2.0,2.0,0.0,0.0,0.0,1.0,1.0,1.0,1.0,1.0,1.0,2.0,1.0,1.0,1.0,0.0,3.0,1.0,1.0,0.0,0.0,1.0,1.0,0.0,1.0,0.0,0.0,9.0,0.0,0.0,2.0,1.0,2.0,2.0,2.0,1.0,0.0,0.0,2.0,0.0,0.0,2.0
Комплексный социальный анализ,0.0,0.0,0.0,0.0,0.0,0.0,0.0,0.0,0.0,0.0,0.0,0.0,0.0,0.0,0.0,0.0,2.0,0.0,0.0,2.0,1.0,1.0,1.0,4.0,1.0,0.0,0.0,0.0,2.0,0.0,1.0,1.0,4.0,2.0,0.0,1.0,0.0,2.0,2.0,0.0,0.0,3.0,2.0,24.0,11.0,3.0,1.0,1.0,1.0,1.0,2.0,2.0,2.0,1.0,16.0,0.0,0.0,0.0,1.0,0.0,0.0,0.0,0.0,1.0,1.0,0.0,0.0,12.0,17.0,0.0,2.0,1.0,1.0,2.0,1.0,1.0,4.0,0.0,0.0,3.0,0.0,0.0,0.0,2.0,1.0,0.0,0.0,0.0,1.0,1.0,1.0,1.0,1.0,1.0,1.0,2.0,0.0,0.0,0.0,1.0,0.0,0.0,0.0,0.0,0.0,1.0,0.0,1.0,0.0,0.0,1.0,0.0,0.0,1.0,1.0,3.0,0.0,1.0,1.0,0.0,0.0,0.0,0.0,1.0,2.0
Демография,0.0,0.0,0.0,0.0,0.0,0.0,1.0,1.0,0.0,0.0,0.0,0.0,0.0,0.0,0.0,0.0,2.0,0.0,1.0,1.0,1.0,1.0,1.0,4.0,1.0,1.0,0.0,0.0,1.0,0.0,1.0,1.0,3.0,3.0,0.0,2.0,0.0,1.0,1.0,0.0,0.0,3.0,2.0,11.0,20.0,3.0,1.0,2.0,1.0,1.0,3.0,2.0,3.0,1.0,8.0,0.0,1.0,0.0,1.0,0.0,0.0,0.0,0.0,1.0,1.0,0.0,0.0,8.0,9.0,0.0,2.0,2.0,1.0,1.0,1.0,1.0,3.0,0.0,0.0,3.0,0.0,0.0,0.0,2.0,1.0,0.0,0.0,0.0,1.0,1.0,1.0,1.0,1.0,1.0,1.0,2.0,0.0,0.0,0.0,1.0,0.0,0.0,0.0,0.0,0.0,1.0,0.0,1.0,0.0,0.0,2.0,0.0,0.0,1.0,0.0,2.0,0.0,1.0,1.0,0.0,0.0,1.0,0.0,1.0,1.0
Государственное и муниципальное управление,0.0,0.0,0.0,0.0,1.0,0.0,2.0,0.0,0.0,0.0,0.0,0.0,0.0,0.0,0.0,0.0,7.0,0.0,0.0,3.0,2.0,4.0,3.0,17.0,6.0,0.0,0.0,0.0,2.0,0.0,13.0,14.0,13.0,17.0,0.0,2.0,0.0,5.0,6.0,3.0,3.0,8.0,7.0,3.0,3.0,92.0,10.0,15.0,9.0,4.0,12.0,7.0,13.0,14.0,3.0,4.0,10.0,6.0,16.0,5.0,5.0,7.0,6.0,4.0,14.0,4.0,5.0,3.0,7.0,5.0,8.0,13.0,13.0,9.0,13.0,11.0,4.0,2.0,6.0,9.0,7.0,5.0,2.0,5.0,3.0,0.0,0.0,0.0,3.0,2.0,3.0,1.0,4.0,1.0,1.0,1.0,0.0,0.0,0.0,1.0,0.0,0.0,0.0,0.0,0.0,1.0,0.0,2.0,1.0,0.0,5.0,0.0,0.0,4.0,2.0,8.0,1.0,1.0,1.0,0.0,0.0,6.0,0.0,2.0,11.0
Финансовая экономика,2.0,1.0,0.0,0.0,9.0,5.0,3.0,2.0,3.0,2.0,2.0,4.0,3.0,5.0,0.0,0.0,3.0,0.0,6.0,3.0,2.0,2.0,7.0,5.0,6.0,0.0,0.0,0.0,1.0,1.0,23.0,35.0,9.0,12.0,0.0,0.0,0.0,1.0,1.0,1.0,1.0,2.0,2.0,1.0,1.0,10.0,68.0,37.0,25.0,23.0,14.0,3.0,3.0,28.0,1.0,2.0,3.0,2.0,6.0,3.0,2.0,3.0,2.0,2.0,32.0,3.0,1.0,1.0,2.0,7.0,2.0,4.0,2.0,2.0,1.0,1.0,2.0,1.0,1.0,4.0,2.0,2.0,0.0,2.0,1.0,0.0,0.0,0.0,2.0,3.0,3.0,3.0,3.0,3.0,2.0,1.0,1.0,1.0,1.0,1.0,0.0,0.0,0.0,0.0,1.0,1.0,0.0,3.0,0.0,0.0,3.0,0.0,1.0,0.0,1.0,3.0,0.0,2.0,2.0,1.0,0.0,1.0,1.0,0.0,4.0
Экономика и экономическая политика,1.0,0.0,0.0,0.0,4.0,1.0,3.0,1.0,1.0,1.0,1.0,1.0,1.0,2.0,0.0,0.0,5.0,0.0,1.0,4.0,2.0,3.0,5.0,5.0,5.0,0.0,0.0,0.0,1.0,0.0,32.0,45.0,16.0,16.0,0.0,1.0,0.0,2.0,2.0,0.0,1.0,2.0,3.0,1.0,2.0,15.0,37.0,78.0,26.0,19.0,14.0,4.0,3.0,20.0,1.0,2.0,4.0,2.0,7.0,3.0,2.0,3.0,2.0,2.0,29.0,3.0,1.0,1.0,2.0,5.0,2.0,7.0,3.0,4.0,3.0,2.0,1.0,1.0,2.0,4.0,3.0,3.0,0.0,2.0,1.0,0.0,0.0,0.0,2.0,3.0,3.0,3.0,3.0,3.0,2.0,1.0,1.0,1.0,1.0,1.0,0.0,0.0,0.0,0.0,1.0,1.0,0.0,3.0,0.0,0.0,4.0,0.0,0.0,0.0,1.0,3.0,1.0,2.0,2.0,1.0,0.0,1.0,0.0,0.0,4.0
Статистический анализ в экономике,1.0,0.0,3.0,1.0,10.0,3.0,4.0,2.0,4.0,2.0,2.0,6.0,3.0,5.0,0.0,0.0,3.0,0.0,4.0,3.0,3.0,3.0,5.0,3.0,1.0,0.0,0.0,0.0,2.0,1.0,17.0,24.0,7.0,7.0,0.0,0.0,0.0,0.0,1.0,0.0,1.0,2.0,2.0,1.0,1.0,9.0,25.0,26.0,53.0,29.0,6.0,1.0,2.0,15.0,1.0,3.0,2.0,3.0,5.0,3.0,3.0,3.0,1.0,2.0,28.0,3.0,2.0,1.0,1.0,7.0,2.0,2.0,1.0,2.0,1.0,1.0,1.0,1.0,1.0,2.0,1.0,2.0,0.0,1.0,1.0,0.0,0.0,0.0,1.0,2.0,2.0,2.0,2.0,2.0,1.0,1.0,1.0,1.0,1.0,1.0,0.0,0.0,0.0,0.0,1.0,1.0,0.0,2.0,0.0,0.0,1.0,0.0,1.0,0.0,1.0,2.0,0.0,2.0,1.0,1.0,0.0,1.0,1.0,1.0,3.0
Стохастическое моделирование в экономике и финансах,2.0,0.0,2.0,1.0,14.0,5.0,3.0,2.0,3.0,2.0,3.0,7.0,3.0,4.0,0.0,1.0,1.0,0.0,8.0,2.0,2.0,2.0,3.0,3.0,2.0,0.0,1.0,0.0,2.0,1.0,10.0,18.0,4.0,4.0,0.0,0.0,0.0,0.0,0.0,0.0,1.0,2.0,2.0,1.0,1.0,4.0,23.0,19.0,29.0,50.0,6.0,1.0,2.0,16.0,1.0,2.0,2.0,2.0,2.0,2.0,2.0,2.0,1.0,2.0,22.0,3.0,1.0,1.0,1.0,3.0,2.0,2.0,1.0,2.0,1.0,1.0,1.0,1.0,2.0,2.0,0.0,0.0,0.0,1.0,1.0,0.0,1.0,0.0,1.0,2.0,2.0,2.0,2.0,2.0,1.0,1.0,1.0,1.0,1.0,1.0,0.0,0.0,0.0,0.0,1.0,1.0,0.0,2.0,0.0,0.0,1.0,1.0,1.0,0.0,1.0,1.0,0.0,2.0,1.0,1.0,0.0,1.0,1.0,0.0,3.0
Стратегический менеджмент: инвестиции и консалтинг,1.0,1.0,0.0,0.0,2.0,1.0,1.0,1.0,1.0,0.0,0.0,2.0,0.0,1.0,0.0,0.0,3.0,0.0,4.0,5.0,3.0,5.0,11.0,5.0,15.0,0.0,0.0,0.0,2.0,0.0,12.0,18.0,34.0,50.0,0.0,2.0,0.0,2.0,2.0,3.0,1.0,9.0,5.0,2.0,3.0,12.0,14.0,14.0,6.0,6.0,95.0,27.0,2.0,22.0,2.0,2.0,2.0,2.0,7.0,3.0,2.0,3.0,0.0,2.0,15.0,2.0,2.0,2.0,3.0,9.0,4.0,3.0,3.0,13.0,8.0,13.0,7.0,0.0,1.0,11.0,1.0,1.0,0.0,11.0,1.0,0.0,0.0,0.0,3.0,4.0,3.0,3.0,2.0,4.0,4.0,1.0,1.0,1.0,1.0,2.0,0.0,0.0,0.0,1.0,1.0,1.0,0.0,5.0,2.0,0.0,3.0,0.0,0.0,2.0,0.0,1.0,1.0,2.0,4.0,1.0,0.0,1.0,0.0,0.0,4.0
Операционная эффективность и производственные системы,0.0,0.0,1.0,1.0,0.0,0.0,0.0,1.0,0.0,0.0,0.0,0.0,0.0,0.0,0.0,0.0,3.0,0.0,2.0,1.0,1.0,1.0,8.0,4.0,10.0,0.0,0.0,0.0,1.0,0.0,3.0,6.0,12.0,18.0,0.0,1.0,0.0,1.0,1.0,1.0,0.0,2.0,2.0,2.0,2.0,7.0,3.0,4.0,1.0,1.0,27.0,46.0,2.0,6.0,2.0,0.0,0.0,0.0,2.0,0.0,0.0,1.0,0.0,1.0,4.0,1.0,1.0,2.0,2.0,10.0,0.0,2.0,3.0,5.0,4.0,4.0,2.0,0.0,0.0,3.0,0.0,0.0,0.0,8.0,1.0,0.0,0.0,0.0,3.0,3.0,2.0,2.0,1.0,3.0,3.0,1.0,0.0,0.0,0.0,2.0,0.0,0.0,0.0,1.0,0.0,1.0,0.0,3.0,1.0,0.0,1.0,0.0,0.0,1.0,0.0,1.0,0.0,1.0,3.0,0.0,0.0,0.0,0.0,0.0,3.0
Население и развитие,0.0,0.0,0.0,0.0,0.0,0.0,0.0,0.0,0.0,0.0,0.0,0.0,0.0,0.0,0.0,0.0,3.0,0.0,0.0,1.0,1.0,1.0,1.0,7.0,3.0,0.0,0.0,0.0,2.0,0.0,3.0,2.0,2.0,4.0,0.0,0.0,0.0,0.0,0.0,0.0,0.0,1.0,1.0,2.0,3.0,13.0,3.0,3.0,2.0,2.0,2.0,2.0,16.0,2.0,3.0,1.0,1.0,1.0,1.0,1.0,1.0,1.0,1.0,1.0,3.0,1.0,1.0,1.0,1.0,0.0,2.0,2.0,2.0,2.0,3.0,2.0,2.0,1.0,1.0,1.0,0.0,1.0,0.0,2.0,1.0,0.0,0.0,0.0,2.0,2.0,3.0,1.0,4.0,1.0,2.0,1.0,0.0,0.0,0.0,1.0,0.0,0.0,0.0,0.0,0.0,1.0,0.0,2.0,0.0,0.0,0.0,0.0,0.0,0.0,1.0,2.0,0.0,2.0,1.0,0.0,0.0,1.0,0.0,1.0,7.0
Стратегическое управление финансами фирмы,2.0,1.0,0.0,1.0,1.0,1.0,1.0,1.0,0.0,0.0,1.0,1.0,1.0,1.0,0.0,0.0,2.0,0.0,4.0,3.0,3.0,4.0,2.0,6.0,5.0,0.0,1.0,0.0,2.0,0.0,14.0,26.0,12.0,20.0,0.0,0.0,0.0,1.0,2.0,2.0,1.0,3.0,2.0,1.0,1.0,14.0,28.0,20.0,15.0,16.0,22.0,6.0,2.0,78.0,1.0,4.0,4.0,5.0,7.0,4.0,5.0,4.0,1.0,2.0,42.0,3.0,3.0,1.0,3.0,9.0,3.0,4.0,2.0,6.0,3.0,4.0,1.0,1.0,1.0,4.0,2.0,2.0,1.0,4.0,1.0,0.0,0.0,0.0,3.0,4.0,3.0,3.0,2.0,4.0,3.0,1.0,1.0,1.0,1.0,2.0,0.0,0.0,0.0,1.0,1.0,1.0,0.0,4.0,1.0,0.0,1.0,0.0,0.0,0.0,1.0,2.0,0.0,2.0,3.0,1.0,0.0,2.0,0.0,0.0,4.0
Сравнительные социальные исследования,0.0,0.0,0.0,0.0,0.0,0.0,0.0,0.0,0.0,0.0,0.0,0.0,0.0,0.0,0.0,0.0,2.0,0.0,0.0,2.0,1.0,1.0,1.0,4.0,2.0,0.0,0.0,0.0,3.0,0.0,1.0,1.0,3.0,3.0,0.0,1.0,0.0,2.0,2.0,0.0,0.0,2.0,2.0,16.0,8.0,3.0,1.0,1.0,1.0,1.0,2.0,2.0,3.0,1.0,19.0,0.0,0.0,0.0,1.0,0.0,0.0,0.0,0.0,1.0,1.0,0.0,0.0,11.0,14.0,0.0,1.0,1.0,1.0,2.0,1.0,1.0,4.0,0.0,0.0,2.0,0.0,1.0,0.0,2.0,1.0,0.0,0.0,0.0,1.0,1.0,1.0,1.0,1.0,1.0,1.0,2.0,0.0,0.0,0.0,1.0,0.0,0.0,0.0,0.0,0.0,1.0,0.0,1.0,0.0,0.0,1.0,0.0,0.0,1.0,1.0,3.0,0.0,1.0,1.0,0.0,0.0,0.0,0.0,1.0,2.0
Современное частное право,0.0,0.0,0.0,0.0,0.0,0.0,1.0,0.0,0.0,0.0,0.0,0.0,0.0,0.0,0.0,0.0,1.0,0.0,0.0,2.0,2.0,2.0,0.0,3.0,1.0,0.0,0.0,0.0,1.0,0.0,3.0,2.0,3.0,4.0,0.0,0.0,0.0,1.0,1.0,1.0,1.0,2.0,2.0,0.0,0.0,4.0,2.0,2.0,3.0,2.0,2.0,0.0,1.0,4.0,0.0,85.0,25.0,39.0,4.0,55.0,32.0,34.0,25.0,22.0,3.0,14.0,28.0,1.0,1.0,1.0,3.0,3.0,3.0,2.0,3.0,3.0,1.0,1.0,1.0,2.0,2.0,1.0,2.0,0.0,1.0,0.0,0.0,0.0,0.0,1.0,1.0,1.0,1.0,1.0,0.0,0.0,6.0,9.0,4.0,0.0,0.0,0.0,0.0,0.0,1.0,0.0,0.0,1.0,0.0,0.0,3.0,0.0,0.0,1.0,2.0,2.0,0.0,1.0,0.0,1.0,0.0,2.0,0.0,0.0,1.0
Публичное право,0.0,0.0,0.0,0.0,0.0,0.0,2.0,0.0,0.0,0.0,0.0,0.0,0.0,0.0,0.0,0.0,2.0,0.0,0.0,3.0,4.0,5.0,1.0,5.0,1.0,0.0,0.0,0.0,0.0,0.0,5.0,5.0,3.0,4.0,0.0,0.0,0.0,1.0,2.0,2.0,1.0,3.0,3.0,0.0,1.0,10.0,3.0,4.0,2.0,2.0,2.0,0.0,1.0,4.0,0.0,25.0,59.0,26.0,7.0,29.0,27.0,23.0,25.0,21.0,5.0,12.0,21.0,1.0,1.0,1.0,5.0,6.0,5.0,2.0,5.0,3.0,2.0,1.0,1.0,3.0,3.0,1.0,2.0,0.0,1.0,0.0,0.0,0.0,0.0,1.0,1.0,1.0,2.0,1.0,0.0,0.0,4.0,5.0,6.0,0.0,0.0,0.0,0.0,0.0,1.0,0.0,0.0,1.0,0.0,0.0,4.0,0.0,0.0,1.0,2.0,3.0,0.0,1.0,0.0,1.0,0.0,5.0,0.0,0.0,1.0
Право международной торговли и разрешение споров,0.0,0.0,0.0,0.0,0.0,0.0,1.0,0.0,0.0,0.0,0.0,0.0,0.0,0.0,0.0,0.0,1.0,0.0,0.0,2.0,2.0,2.0,0.0,4.0,1.0,0.0,0.0,0.0,1.0,0.0,4.0,2.0,3.0,5.0,0.0,0.0,0.0,1.0,1.0,1.0,1.0,2.0,2.0,0.0,0.0,6.0,2.0,2.0,3.0,2.0,2.0,0.0,1.0,5.0,0.0,39.0,26.0,71.0,7.0,46.0,24.0,29.0,24.0,25.0,4.0,13.0,31.0,1.0,1.0,1.0,4.0,4.0,4.0,2.0,3.0,3.0,1.0,1.0,1.0,3.0,2.0,2.0,2.0,0.0,1.0,0.0,0.0,0.0,0.0,1.0,1.0,1.0,1.0,1.0,0.0,0.0,3.0,3.0,2.0,0.0,0.0,0.0,0.0,0.0,1.0,0.0,0.0,1.0,0.0,0.0,4.0,0.0,0.0,1.0,2.0,2.0,0.0,1.0,0.0,1.0,0.0,3.0,0.0,0.0,1.0
Международные отношения: европейские и азиатские исследования,0.0,0.0,0.0,0.0,0.0,0.0,0.0,0.0,0.0,0.0,0.0,0.0,0.0,0.0,0.0,0.0,2.0,0.0,0.0,4.0,2.0,2.0,3.0,5.0,3.0,0.0,0.0,0.0,1.0,0.0,10.0,10.0,5.0,15.0,2.0,3.0,0.0,7.0,5.0,4.0,7.0,7.0,5.0,1.0,1.0,16.0,6.0,7.0,5.0,2.0,7.0,2.0,1.0,7.0,1.0,4.0,7.0,7.0,89.0,5.0,6.0,6.0,3.0,6.0,12.0,5.0,4.0,2.0,4.0,4.0,9.0,11.0,10.0,2.0,4.0,6.0,3.0,1.0,4.0,8.0,4.0,18.0,3.0,1.0,2.0,0.0,0.0,0.0,1.0,2.0,1.0,3.0,2.0,1.0,1.0,0.0,2.0,2.0,1.0,1.0,0.0,0.0,0.0,0.0,2.0,0.0,0.0,2.0,0.0,0.0,13.0,0.0,0.0,6.0,3.0,8.0,1.0,1.0,1.0,2.0,1.0,10.0,0.0,1.0,2.0
Юрист в бизнесе,0.0,0.0,0.0,0.0,0.0,0.0,1.0,0.0,0.0,0.0,0.0,0.0,0.0,0.0,0.0,0.0,1.0,0.0,0.0,4.0,4.0,5.0,0.0,4.0,1.0,0.0,0.0,0.0,3.0,0.0,4.0,3.0,5.0,5.0,0.0,0.0,0.0,1.0,1.0,2.0,1.0,2.0,3.0,0.0,0.0,5.0,3.0,3.0,3.0,2.0,3.0,0.0,1.0,4.0,0.0,55.0,29.0,46.0,5.0,94.0,31.0,39.0,25.0,23.0,3.0,12.0,37.0,1.0,1.0,1.0,3.0,4.0,5.0,2.0,5.0,4.0,1.0,1.0,3.0,3.0,2.0,1.0,2.0,0.0,2.0,0.0,0.0,0.0,0.0,1.0,1.0,1.0,1.0,1.0,0.0,0.0,7.0,8.0,4.0,0.0,0.0,0.0,0.0,0.0,1.0,0.0,0.0,1.0,0.0,0.0,3.0,0.0,0.0,1.0,2.0,2.0,0.0,1.0,0.0,1.0,0.0,2.0,0.0,0.0,1.0
Юрист в правосудии,0.0,0.0,0.0,0.0,0.0,0.0,3.0,1.0,0.0,0.0,0.0,0.0,0.0,0.0,0.0,0.0,0.0,0.0,0.0,3.0,4.0,6.0,0.0,4.0,1.0,0.0,0.0,0.0,3.0,0.0,3.0,2.0,3.0,4.0,0.0,0.0,0.0,2.0,2.0,1.0,1.0,3.0,3.0,0.0,0.0,5.0,2.0,2.0,3.0,2.0,2.0,0.0,1.0,5.0,0.0,32.0,27.0,24.0,6.0,31.0,56.0,20.0,21.0,17.0,4.0,13.0,24.0,1.0,1.0,1.0,5.0,4.0,5.0,2.0,4.0,2.0,1.0,1.0,4.0,3.0,1.0,1.0,2.0,0.0,2.0,0.0,0.0,0.0,0.0,1.0,1.0,1.0,1.0,1.0,0.0,0.0,3.0,4.0,4.0,0.0,0.0,0.0,0.0,0.0,1.0,0.0,0.0,1.0,0.0,0.0,3.0,0.0,0.0,1.0,3.0,3.0,0.0,1.0,0.0,1.0,0.0,3.0,0.0,0.0,1.0
Цифровое право,0.0,0.0,0.0,0.0,0.0,0.0,2.0,1.0,0.0,0.0,0.0,0.0,0.0,0.0,0.0,0.0,3.0,0.0,0.0,3.0,2.0,3.0,2.0,5.0,2.0,0.0,0.0,0.0,2.0,0.0,5.0,4.0,3.0,6.0,0.0,0.0,0.0,1.0,1.0,1.0,1.0,3.0,3.0,0.0,0.0,7.0,3.0,3.0,3.0,2.0,3.0,1.0,1.0,4.0,0.0,34.0,23.0,29.0,6.0,39.0,20.0,75.0,19.0,20.0,3.0,12.0,26.0,1.0,1.0,2.0,4.0,4.0,4.0,3.0,5.0,3.0,2.0,1.0,2.0,4.0,2.0,2.0,2.0,1.0,1.0,0.0,0.0,0.0,0.0,1.0,1.0,1.0,1.0,1.0,0.0,0.0,9.0,7.0,4.0,0.0,0.0,0.0,0.0,0.0,1.0,0.0,0.0,1.0,0.0,0.0,3.0,0.0,0.0,1.0,2.0,2.0,0.0,1.0,0.0,1.0,0.0,3.0,0.0,0.0,1.0
Сравнительное правоведение и фундаментальный правовой анализ,0.0,0.0,0.0,0.0,0.0,0.0,1.0,0.0,0.0,0.0,0.0,0.0,0.0,0.0,0.0,0.0,1.0,0.0,0.0,0.0,0.0,0.0,0.0,3.0,1.0,0.0,0.0,0.0,0.0,0.0,2.0,2.0,1.0,1.0,0.0,0.0,0.0,1.0,1.0,1.0,1.0,2.0,2.0,0.0,0.0,6.0,2.0,2.0,1.0,1.0,0.0,0.0,1.0,1.0,0.0,25.0,25.0,24.0,3.0,25.0,21.0,19.0,41.0,18.0,2.0,13.0,24.0,1.0,1.0,0.0,3.0,5.0,3.0,2.0,3.0,2.0,2.0,1.0,1.0,2.0,3.0,1.0,1.0,0.0,1.0,0.0,0.0,0.0,0.0,0.0,0.0,0.0,0.0,0.0,0.0,0.0,2.0,2.0,2.0,0.0,0.0,0.0,0.0,0.0,0.0,0.0,0.0,0.0,0.0,0.0,3.0,0.0,0.0,1.0,2.0,3.0,0.0,0.0,0.0,0.0,0.0,3.0,0.0,0.0,1.0
Фармправо и здравоохранение,0.0,0.0,1.0,0.0,0.0,0.0,1.0,0.0,0.0,0.0,0.0,0.0,0.0,0.0,0.0,0.0,0.0,0.0,0.0,2.0,3.0,3.0,0.0,8.0,1.0,0.0,0.0,0.0,1.0,0.0,3.0,2.0,2.0,4.0,0.0,1.0,0.0,2.0,3.0,1.0,1.0,2.0,2.0,1.0,1.0,4.0,2.0,2.0,2.0,2.0,2.0,1.0,1.0,2.0,1.0,22.0,21.0,25.0,6.0,23.0,17.0,20.0,18.0,43.0,2.0,11.0,18.0,2.0,2.0,0.0,2.0,4.0,4.0,1.0,2.0,1.0,2.0,1.0,2.0,3.0,1.0,2.0,1.0,1.0,2.0,0.0,0.0,0.0,0.0,1.0,1.0,1.0,1.0,1.0,0.0,0.0,4.0,4.0,3.0,0.0,0.0,0.0,0.0,0.0,1.0,0.0,0.0,1.0,0.0,0.0,5.0,0.0,0.0,2.0,2.0,3.0,0.0,1.0,0.0,1.0,0.0,2.0,0.0,0.0,1.0
Финансовые рынки и финансовые институты,0.0,0.0,0.0,1.0,7.0,2.0,0.0,1.0,2.0,1.0,1.0,3.0,0.0,2.0,0.0,0.0,1.0,0.0,3.0,3.0,2.0,3.0,6.0,5.0,4.0,0.0,0.0,0.0,1.0,0.0,19.0,26.0,15.0,18.0,0.0,0.0,0.0,3.0,3.0,2.0,1.0,5.0,4.0,1.0,1.0,14.0,32.0,29.0,28.0,22.0,15.0,4.0,3.0,42.0,1.0,3.0,5.0,4.0,12.0,3.0,4.0,3.0,2.0,2.0,91.0,5.0,2.0,1.0,3.0,9.0,4.0,5.0,3.0,5.0,4.0,5.0,1.0,1.0,1.0,6.0,3.0,1.0,1.0,4.0,1.0,0.0,0.0,0.0,3.0,4.0,4.0,3.0,3.0,4.0,3.0,1.0,1.0,1.0,1.0,2.0,0.0,0.0,0.0,1.0,1.0,1.0,0.0,4.0,1.0,0.0,2.0,0.0,1.0,0.0,1.0,3.0,0.0,2.0,3.0,1.0,0.0,3.0,0.0,1.0,4.0
Государственно-конфессиональные отношения. Правовое регулирование деятельности религиозных объединений,0.0,0.0,0.0,0.0,0.0,0.0,0.0,1.0,0.0,0.0,0.0,0.0,0.0,0.0,0.0,0.0,1.0,0.0,0.0,1.0,1.0,1.0,1.0,4.0,2.0,0.0,0.0,0.0,0.0,0.0,3.0,3.0,2.0,3.0,0.0,0.0,0.0,1.0,1.0,1.0,1.0,1.0,1.0,0.0,0.0,4.0,3.0,3.0,3.0,3.0,2.0,1.0,1.0,3.0,0.0,14.0,12.0,13.0,5.0,12.0,13.0,12.0,13.0,11.0,5.0,22.0,14.0,1.0,1.0,1.0,3.0,4.0,2.0,1.0,1.0,1.0,1.0,1.0,1.0,1.0,2.0,1.0,1.0,1.0,1.0,0.0,0.0,0.0,0.0,1.0,1.0,1.0,1.0,1.0,0.0,0.0,1.0,1.0,1.0,0.0,0.0,0.0,0.0,0.0,1.0,0.0,0.0,1.0,0.0,0.0,3.0,0.0,0.0,1.0,2.0,3.0,0.0,1.0,0.0,1.0,0.0,3.0,0.0,0.0,1.0
Комплаенс и профилактика правовых рисков,0.0,0.0,0.0,0.0,0.0,0.0,2.0,1.0,0.0,0.0,0.0,0.0,0.0,0.0,0.0,0.0,3.0,0.0,0.0,2.0,1.0,3.0,2.0,2.0,2.0,0.0,0.0,0.0,2.0,0.0,4.0,2.0,2.0,4.0,0.0,0.0,0.0,1.0,1.0,1.0,1.0,2.0,2.0,0.0,0.0,5.0,1.0,1.0,2.0,1.0,2.0,1.0,1.0,3.0,0.0,28.0,21.0,31.0,4.0,37.0,24.0,26.0,24.0,18.0,2.0,14.0,55.0,1.0,1.0,2.0,3.0,3.0,5.0,2.0,4.0,3.0,1.0,1.0,2.0,2.0,2.0,1.0,2.0,1.0,1.0,0.0,0.0,0.0,0.0,0.0,0.0,0.0,0.0,0.0,0.0,0.0,2.0,3.0,1.0,0.0,0.0,0.0,0.0,0.0,0.0,0.0,0.0,0.0,0.0,0.0,2.0,0.0,0.0,1.0,2.0,2.0,0.0,0.0,0.0,0.0,0.0,2.0,0.0,0.0,1.0
Социальный анализ рынков на цифровых и опросных данных,0.0,0.0,0.0,0.0,0.0,0.0,0.0,0.0,0.0,0.0,0.0,0.0,0.0,0.0,0.0,0.0,1.0,0.0,0.0,1.0,1.0,1.0,1.0,4.0,2.0,0.0,0.0,0.0,1.0,0.0,1.0,1.0,3.0,3.0,0.0,1.0,0.0,2.0,2.0,1.0,1.0,3.0,3.0,12.0,8.0,3.0,1.0,1.0,1.0,1.0,2.0,2.0,1.0,1.0,11.0,1.0,1.0,1.0,2.0,1.0,1.0,1.0,1.0,2.0,1.0,1.0,1.0,21.0,14.0,0.0,2.0,2.0,2.0,3.0,2.0,2.0,4.0,0.0,0.0,3.0,1.0,1.0,1.0,2.0,2.0,0.0,0.0,0.0,1.0,1.0,1.0,1.0,1.0,1.0,1.0,1.0,0.0,0.0,0.0,1.0,0.0,0.0,0.0,0.0,0.0,1.0,0.0,1.0,0.0,0.0,2.0,0.0,0.0,2.0,1.0,2.0,0.0,1.0,1.0,0.0,0.0,1.0,0.0,0.0,2.0
Социология публичной сферы и цифровая аналитика,0.0,0.0,0.0,0.0,0.0,0.0,0.0,0.0,0.0,0.0,0.0,0.0,0.0,0.0,0.0,0.0,2.0,0.0,0.0,3.0,1.0,2.0,2.0,4.0,3.0,0.0,0.0,0.0,1.0,0.0,2.0,3.0,9.0,5.0,0.0,1.0,0.0,4.0,4.0,3.0,1.0,5.0,3.0,17.0,9.0,7.0,2.0,2.0,1.0,1.0,3.0,2.0,1.0,3.0,14.0,1.0,1.0,1.0,4.0,1.0,1.0,1.0,1.0,2.0,3.0,1.0,1.0,14.0,35.0,0.0,4.0,2.0,3.0,3.0,4.0,5.0,6.0,0.0,0.0,5.0,2.0,1.0,1.0,2.0,2.0,0.0,0.0,0.0,1.0,1.0,1.0,1.0,1.0,1.0,1.0,2.0,0.0,0.0,0.0,1.0,0.0,0.0,0.0,0.0,0.0,1.0,0.0,1.0,0.0,0.0,2.0,0.0,0.0,2.0,1.0,4.0,0.0,1.0,1.0,0.0,0.0,2.0,0.0,1.0,2.0
Бизнес-информатика: цифровое предприятие и управление информационными системами,3.0,2.0,8.0,4.0,17.0,8.0,9.0,10.0,13.0,13.0,10.0,13.0,7.0,14.0,0.0,0.0,1.0,0.0,15.0,0.0,0.0,0.0,12.0,1.0,7.0,1.0,4.0,1.0,0.0,5.0,5.0,7.0,12.0,10.0,0.0,1.0,0.0,0.0,0.0,3.0,0.0,2.0,1.0,0.0,0.0,5.0,7.0,5.0,7.0,3.0,9.0,10.0,0.0,9.0,0.0,1.0,1.0,1.0,4.0,1.0,1.0,2.0,0.0,0.0,9.0,1.0,2.0,0.0,0.0,97.0,1.0,1.0,1.0,4.0,2.0,3.0,1.0,0.0,0.0,3.0,0.0,0.0,1.0,2.0,0.0,1.0,1.0,0.0,3.0,2.0,1.0,1.0,0.0,2.0,3.0,0.0,0.0,0.0,0.0,1.0,0.0,0.0,0.0,1.0,0.0,0.0,0.0,3.0,5.0,1.0,0.0,1.0,3.0,1.0,0.0,0.0,0.0,0.0,3.0,0.0,0.0,1.0,7.0,0.0,0.0
Современная журналистика,0.0,0.0,0.0,0.0,0.0,0.0,3.0,3.0,0.0,0.0,0.0,0.0,0.0,0.0,0.0,0.0,1.0,0.0,0.0,5.0,2.0,4.0,1.0,4.0,1.0,0.0,0.0,0.0,2.0,0.0,3.0,2.0,11.0,11.0,5.0,0.0,0.0,4.0,3.0,5.0,2.0,22.0,13.0,2.0,2.0,8.0,2.0,2.0,2.0,2.0,4.0,0.0,2.0,3.0,1.0,3.0,5.0,4.0,9.0,3.0,5.0,4.0,3.0,2.0,4.0,3.0,3.0,2.0,4.0,1.0,56.0,4.0,3.0,10.0,9.0,10.0,10.0,1.0,2.0,19.0,2.0,3.0,3.0,0.0,3.0,0.0,0.0,0.0,0.0,0.0,0.0,0.0,1.0,0.0,1.0,0.0,0.0,0.0,0.0,4.0,0.0,2.0,0.0,1.0,1.0,0.0,0.0,0.0,0.0,0.0,4.0,0.0,0.0,1.0,2.0,2.0,1.0,3.0,0.0,0.0,0.0,5.0,0.0,0.0,1.0
Политика. Экономика. Философия,0.0,0.0,0.0,0.0,1.0,0.0,0.0,0.0,0.0,0.0,0.0,0.0,0.0,0.0,0.0,0.0,3.0,0.0,0.0,0.0,1.0,1.0,1.0,5.0,2.0,0.0,0.0,0.0,1.0,0.0,6.0,8.0,4.0,6.0,1.0,1.0,0.0,5.0,2.0,1.0,2.0,4.0,4.0,1.0,2.0,13.0,4.0,7.0,2.0,2.0,3.0,2.0,2.0,4.0,1.0,3.0,6.0,4.0,11.0,4.0,4.0,4.0,5.0,4.0,5.0,4.0,3.0,2.0,2.0,1.0,4.0,40.0,19.0,5.0,6.0,4.0,4.0,1.0,3.0,4.0,7.0,4.0,2.0,2.0,2.0,0.0,0.0,0.0,0.0,0.0,0.0,0.0,1.0,0.0,0.0,0.0,0.0,0.0,0.0,0.0,1.0,0.0,0.0,0.0,1.0,0.0,0.0,1.0,0.0,0.0,5.0,0.0,0.0,2.0,2.0,7.0,0.0,0.0,1.0,1.0,0.0,5.0,0.0,0.0,1.0
Прикладная политология,0.0,0.0,0.0,0.0,0.0,0.0,1.0,0.0,0.0,0.0,0.0,0.0,0.0,0.0,0.0,0.0,1.0,0.0,0.0,2.0,1.0,3.0,0.0,3.0,2.0,0.0,0.0,0.0,2.0,0.0,4.0,4.0,3.0,5.0,0.0,1.0,0.0,3.0,2.0,1.0,1.0,3.0,3.0,1.0,1.0,13.0,2.0,3.0,1.0,1.0,3.0,3.0,2.0,2.0,1.0,3.0,5.0,4.0,10.0,5.0,5.0,4.0,3.0,4.0,3.0,2.0,5.0,2.0,3.0,1.0,3.0,19.0,33.0,3.0,6.0,5.0,3.0,1.0,4.0,3.0,3.0,3.0,1.0,2.0,2.0,0.0,0.0,0.0,0.0,0.0,0.0,0.0,0.0,0.0,0.0,0.0,0.0,0.0,0.0,0.0,0.0,0.0,0.0,0.0,0.0,0.0,0.0,0.0,0.0,0.0,3.0,0.0,0.0,2.0,2.0,5.0,0.0,0.0,0.0,0.0,0.0,2.0,0.0,0.0,1.0
Цифровые коммуникации и продуктовая аналитика,0.0,0.0,0.0,0.0,1.0,0.0,1.0,0.0,0.0,0.0,1.0,0.0,0.0,0.0,0.0,0.0,3.0,0.0,1.0,6.0,4.0,5.0,4.0,3.0,7.0,0.0,1.0,0.0,4.0,0.0,7.0,4.0,27.0,19.0,2.0,1.0,0.0,2.0,2.0,5.0,1.0,22.0,13.0,2.0,1.0,9.0,2.0,4.0,2.0,2.0,13.0,5.0,2.0,6.0,2.0,2.0,2.0,2.0,2.0,2.0,2.0,3.0,2.0,1.0,5.0,1.0,2.0,3.0,3.0,4.0,10.0,5.0,3.0,42.0,13.0,23.0,15.0,0.0,0.0,21.0,1.0,1.0,1.0,4.0,2.0,1.0,1.0,0.0,3.0,3.0,2.0,2.0,1.0,3.0,3.0,1.0,0.0,0.0,0.0,2.0,0.0,0.0,0.0,1.0,0.0,1.0,0.0,3.0,1.0,0.0,2.0,0.0,0.0,2.0,1.0,1.0,2.0,1.0,3.0,0.0,0.0,2.0,0.0,0.0,2.0
Коммуникации в государственных структурах и НКО,0.0,0.0,0.0,0.0,0.0,0.0,1.0,1.0,0.0,0.0,0.0,0.0,0.0,0.0,0.0,0.0,3.0,0.0,0.0,6.0,5.0,6.0,3.0,4.0,6.0,0.0,0.0,0.0,3.0,0.0,3.0,4.0,15.0,11.0,3.0,0.0,0.0,4.0,3.0,4.0,1.0,13.0,10.0,1.0,1.0,13.0,1.0,3.0,1.0,1.0,8.0,4.0,3.0,3.0,1.0,3.0,5.0,3.0,4.0,5.0,4.0,5.0,3.0,2.0,4.0,1.0,4.0,2.0,4.0,2.0,9.0,6.0,6.0,13.0,43.0,19.0,11.0,1.0,2.0,19.0,2.0,1.0,2.0,3.0,3.0,0.0,0.0,0.0,2.0,2.0,2.0,1.0,1.0,2.0,2.0,1.0,1.0,1.0,0.0,2.0,0.0,0.0,0.0,1.0,0.0,1.0,0.0,2.0,1.0,0.0,2.0,0.0,0.0,1.0,1.0,1.0,2.0,1.0,2.0,0.0,0.0,3.0,0.0,0.0,3.0
Интегрированные коммуникации,0.0,0.0,0.0,0.0,0.0,0.0,0.0,0.0,0.0,0.0,0.0,0.0,1.0,0.0,0.0,0.0,2.0,0.0,0.0,6.0,2.0,3.0,4.0,3.0,7.0,0.0,0.0,0.0,2.0,0.0,5.0,3.0,28.0,18.0,2.0,1.0,0.0,4.0,3.0,4.0,1.0,20.0,13.0,1.0,1.0,11.0,1.0,2.0,1.0,1.0,13.0,4.0,2.0,4.0,1.0,3.0,3.0,3.0,6.0,4.0,2.0,3.0,2.0,1.0,5.0,1.0,3.0,2.0,5.0,3.0,10.0,4.0,5.0,23.0,19.0,50.0,12.0,0.0,0.0,23.0,2.0,2.0,2.0,4.0,2.0,0.0,0.0,0.0,2.0,2.0,2.0,2.0,1.0,2.0,2.0,1.0,1.0,1.0,0.0,3.0,0.0,0.0,0.0,1.0,0.0,1.0,0.0,2.0,1.0,0.0,2.0,0.0,0.0,2.0,1.0,1.0,1.0,1.0,2.0,0.0,0.0,2.0,0.0,0.0,2.0
Современные медиаисследования и аналитика,0.0,0.0,0.0,0.0,0.0,0.0,1.0,0.0,2.0,1.0,1.0,1.0,1.0,1.0,0.0,0.0,3.0,0.0,1.0,5.0,3.0,4.0,4.0,3.0,7.0,0.0,1.0,0.0,3.0,1.0,4.0,3.0,13.0,12.0,3.0,1.0,0.0,4.0,4.0,2.0,1.0,25.0,11.0,4.0,3.0,4.0,2.0,1.0,1.0,1.0,7.0,2.0,2.0,1.0,4.0,1.0,2.0,1.0,3.0,1.0,1.0,2.0,2.0,2.0,1.0,1.0,1.0,4.0,6.0,1.0,10.0,4.0,3.0,15.0,11.0,12.0,37.0,0.0,1.0,25.0,1.0,2.0,1.0,2.0,3.0,0.0,0.0,0.0,1.0,1.0,1.0,1.0,1.0,1.0,1.0,1.0,0.0,0.0,0.0,4.0,0.0,2.0,0.0,0.0,1.0,2.0,0.0,1.0,0.0,0.0,3.0,0.0,0.0,2.0,1.0,2.0,2.0,3.0,1.0,0.0,0.0,2.0,1.0,0.0,1.0
Современные технологии преподавания дизайна и искусства,0.0,0.0,0.0,0.0,0.0,0.0,0.0,0.0,0.0,0.0,0.0,0.0,0.0,0.0,0.0,0.0,0.0,0.0,0.0,0.0,1.0,0.0,0.0,2.0,0.0,0.0,0.0,0.0,0.0,0.0,1.0,1.0,0.0,0.0,0.0,0.0,0.0,1.0,1.0,8.0,0.0,1.0,0.0,0.0,0.0,2.0,1.0,1.0,1.0,1.0,0.0,0.0,1.0,1.0,0.0,1.0,1.0,1.0,1.0,1.0,1.0,1.0,1.0,1.0,1.0,1.0,1.0,0.0,0.0,0.0,1.0,1.0,1.0,0.0,1.0,0.0,0.0,20.0,4.0,1.0,0.0,0.0,0.0,0.0,0.0,0.0,0.0,0.0,0.0,0.0,0.0,0.0,0.0,0.0,0.0,0.0,0.0,0.0,0.0,0.0,0.0,0.0,0.0,5.0,0.0,0.0,0.0,0.0,0.0,0.0,0.0,0.0,0.0,0.0,1.0,1.0,0.0,0.0,0.0,0.0,0.0,1.0,0.0,0.0,1.0
Педагогическое образование,1.0,3.0,1.0,0.0,1.0,0.0,0.0,0.0,0.0,0.0,0.0,1.0,0.0,2.0,0.0,0.0,1.0,2.0,2.0,2.0,5.0,5.0,0.0,2.0,2.0,0.0,0.0,0.0,4.0,0.0,1.0,1.0,0.0,2.0,4.0,0.0,0.0,3.0,2.0,2.0,0.0,2.0,1.0,0.0,0.0,6.0,1.0,2.0,1.0,2.0,1.0,0.0,1.0,1.0,0.0,1.0,1.0,1.0,4.0,3.0,4.0,2.0,1.0,2.0,1.0,1.0,2.0,0.0,0.0,0.0,2.0,3.0,4.0,0.0,2.0,0.0,1.0,4.0,43.0,1.0,2.0,2.0,0.0,0.0,3.0,0.0,1.0,0.0,0.0,0.0,0.0,0.0,0.0,0.0,0.0,0.0,0.0,0.0,0.0,1.0,0.0,1.0,0.0,1.0,0.0,0.0,0.0,0.0,0.0,1.0,2.0,0.0,0.0,1.0,3.0,3.0,3.0,0.0,0.0,0.0,0.0,1.0,0.0,1.0,3.0
Медиаменеджмент,0.0,0.0,0.0,0.0,0.0,0.0,3.0,2.0,2.0,1.0,1.0,1.0,1.0,1.0,0.0,0.0,3.0,0.0,1.0,5.0,5.0,6.0,7.0,4.0,6.0,0.0,1.0,0.0,3.0,1.0,9.0,7.0,27.0,27.0,5.0,1.0,0.0,4.0,3.0,2.0,1.0,47.0,28.0,3.0,3.0,9.0,4.0,4.0,2.0,2.0,11.0,3.0,1.0,4.0,2.0,2.0,3.0,3.0,8.0,3.0,3.0,4.0,2.0,3.0,6.0,1.0,2.0,3.0,5.0,3.0,19.0,4.0,3.0,21.0,19.0,23.0,25.0,1.0,1.0,76.0,1.0,4.0,2.0,3.0,2.0,0.0,0.0,0.0,2.0,2.0,1.0,5.0,2.0,2.0,5.0,1.0,1.0,1.0,0.0,7.0,0.0,2.0,0.0,0.0,1.0,1.0,0.0,2.0,0.0,0.0,6.0,0.0,0.0,2.0,1.0,3.0,3.0,2.0,2.0,2.0,1.0,2.0,1.0,0.0,1.0
Философские исследования,0.0,0.0,0.0,0.0,1.0,0.0,0.0,0.0,0.0,0.0,0.0,0.0,0.0,0.0,0.0,0.0,1.0,0.0,0.0,2.0,3.0,3.0,0.0,2.0,2.0,0.0,0.0,0.0,2.0,0.0,2.0,2.0,2.0,2.0,1.0,0.0,0.0,5.0,5.0,3.0,2.0,1.0,1.0,0.0,0.0,7.0,2.0,3.0,1.0,0.0,1.0,0.0,0.0,2.0,0.0,2.0,3.0,2.0,4.0,2.0,1.0,2.0,3.0,1.0,3.0,2.0,2.0,1.0,2.0,0.0,2.0,7.0,3.0,1.0,2.0,2.0,1.0,0.0,2.0,1.0,27.0,4.0,2.0,0.0,2.0,0.0,0.0,0.0,0.0,0.0,0.0,0.0,0.0,0.0,0.0,0.0,0.0,0.0,0.0,0.0,0.0,0.0,0.0,0.0,0.0,0.0,0.0,0.0,0.0,0.0,4.0,0.0,0.0,1.0,2.0,4.0,1.0,0.0,0.0,0.0,0.0,2.0,0.0,0.0,0.0
Современное востоковедение,0.0,0.0,0.0,0.0,0.0,0.0,0.0,0.0,0.0,0.0,0.0,0.0,0.0,0.0,0.0,0.0,0.0,0.0,0.0,0.0,1.0,1.0,0.0,2.0,3.0,0.0,0.0,0.0,2.0,0.0,4.0,3.0,1.0,6.0,1.0,2.0,1.0,2.0,2.0,1.0,15.0,3.0,2.0,0.0,0.0,5.0,2.0,3.0,2.0,0.0,1.0,0.0,1.0,2.0,1.0,1.0,1.0,2.0,18.0,1.0,1.0,2.0,1.0,2.0,1.0,1.0,1.0,1.0,1.0,0.0,3.0,4.0,3.0,1.0,1.0,2.0,2.0,0.0,2.0,4.0,4.0,43.0,1.0,0.0,1.0,0.0,0.0,0.0,0.0,0.0,0.0,1.0,0.0,0.0,0.0,0.0,0.0,0.0,0.0,0.0,0.0,0.0,0.0,0.0,3.0,0.0,0.0,0.0,0.0,0.0,6.0,0.0,0.0,4.0,3.0,4.0,0.0,0.0,0.0,0.0,0.0,6.0,0.0,0.0,0.0
Русский язык как иностранный,0.0,0.0,0.0,0.0,0.0,0.0,0.0,0.0,0.0,0.0,0.0,0.0,0.0,0.0,0.0,0.0,0.0,0.0,0.0,1.0,1.0,1.0,0.0,1.0,1.0,0.0,0.0,0.0,1.0,0.0,0.0,0.0,2.0,2.0,1.0,2.0,2.0,1.0,1.0,2.0,2.0,2.0,2.0,0.0,0.0,2.0,0.0,0.0,0.0,0.0,0.0,0.0,0.0,1.0,0.0,2.0,2.0,2.0,3.0,2.0,2.0,2.0,1.0,1.0,1.0,1.0,2.0,1.0,1.0,1.0,3.0,2.0,1.0,1.0,2.0,2.0,1.0,0.0,0.0,2.0,2.0,1.0,16.0,0.0,2.0,0.0,0.0,0.0,0.0,0.0,0.0,0.0,0.0,0.0,0.0,0.0,0.0,0.0,0.0,0.0,2.0,1.0,0.0,0.0,1.0,0.0,0.0,0.0,0.0,0.0,7.0,0.0,0.0,4.0,1.0,1.0,0.0,0.0,0.0,1.0,0.0,1.0,0.0,0.0,0.0
Аналитик деловой разведки,0.0,0.0,0.0,0.0,1.0,0.0,0.0,1.0,0.0,0.0,0.0,0.0,0.0,0.0,0.0,0.0,2.0,0.0,1.0,1.0,1.0,1.0,3.0,3.0,4.0,0.0,1.0,0.0,1.0,0.0,3.0,5.0,6.0,9.0,0.0,1.0,0.0,1.0,1.0,0.0,0.0,3.0,2.0,2.0,2.0,5.0,2.0,2.0,1.0,1.0,11.0,8.0,2.0,4.0,2.0,0.0,0.0,0.0,1.0,0.0,0.0,1.0,0.0,1.0,4.0,1.0,1.0,2.0,2.0,2.0,0.0,2.0,2.0,4.0,3.0,4.0,2.0,0.0,0.0,3.0,0.0,0.0,0.0,20.0,1.0,0.0,0.0,0.0,1.0,1.0,1.0,1.0,1.0,1.0,1.0,1.0,0.0,0.0,0.0,1.0,0.0,0.0,0.0,0.0,0.0,1.0,0.0,1.0,0.0,0.0,1.0,0.0,0.0,1.0,0.0,1.0,0.0,1.0,1.0,0.0,0.0,0.0,0.0,0.0,2.0
Обучение и оценивание как наука,0.0,0.0,0.0,0.0,0.0,0.0,0.0,0.0,0.0,0.0,0.0,0.0,0.0,0.0,0.0,0.0,1.0,0.0,0.0,7.0,8.0,8.0,1.0,3.0,2.0,0.0,0.0,0.0,7.0,0.0,1.0,1.0,2.0,2.0,1.0,0.0,0.0,1.0,1.0,2.0,1.0,3.0,2.0,1.0,1.0,3.0,1.0,1.0,1.0,1.0,1.0,1.0,1.0,1.0,1.0,1.0,1.0,1.0,2.0,2.0,2.0,1.0,1.0,2.0,1.0,1.0,1.0,2.0,2.0,0.0,3.0,2.0,2.0,2.0,3.0,2.0,3.0,0.0,3.0,2.0,2.0,1.0,2.0,1.0,15.0,0.0,0.0,0.0,1.0,1.0,1.0,1.0,1.0,1.0,1.0,1.0,0.0,0.0,0.0,2.0,0.0,1.0,0.0,0.0,0.0,1.0,0.0,1.0,0.0,0.0,2.0,0.0,0.0,1.0,1.0,1.0,0.0,1.0,1.0,0.0,0.0,1.0,0.0,0.0,1.0
UX-аналитика и проектирование информационных систем,0.0,0.0,3.0,1.0,4.0,3.0,1.0,1.0,2.0,1.0,1.0,3.0,2.0,4.0,0.0,2.0,0.0,0.0,3.0,0.0,0.0,0.0,0.0,0.0,0.0,0.0,0.0,0.0,0.0,1.0,0.0,0.0,0.0,0.0,0.0,0.0,0.0,0.0,0.0,0.0,0.0,0.0,0.0,0.0,0.0,0.0,0.0,0.0,0.0,0.0,0.0,0.0,0.0,0.0,0.0,0.0,0.0,0.0,0.0,0.0,0.0,0.0,0.0,0.0,0.0,0.0,0.0,0.0,0.0,1.0,0.0,0.0,0.0,1.0,0.0,0.0,0.0,0.0,0.0,0.0,0.0,0.0,0.0,0.0,0.0,20.0,12.0,0.0,4.0,2.0,0.0,0.0,0.0,1.0,0.0,0.0,0.0,0.0,0.0,0.0,1.0,0.0,1.0,0.0,0.0,1.0,0.0,1.0,8.0,3.0,0.0,0.0,0.0,0.0,0.0,0.0,0.0,0.0,0.0,1.0,0.0,0.0,2.0,0.0,0.0
Машинное обучение и анализ данных,2.0,1.0,4.0,1.0,9.0,5.0,2.0,1.0,3.0,3.0,2.0,6.0,2.0,6.0,0.0,2.0,0.0,0.0,5.0,0.0,0.0,0.0,0.0,0.0,0.0,0.0,1.0,0.0,0.0,2.0,0.0,0.0,0.0,0.0,0.0,0.0,0.0,0.0,0.0,0.0,0.0,0.0,0.0,0.0,0.0,0.0,0.0,0.0,0.0,1.0,0.0,0.0,0.0,0.0,0.0,0.0,0.0,0.0,0.0,0.0,0.0,0.0,0.0,0.0,0.0,0.0,0.0,0.0,0.0,1.0,0.0,0.0,0.0,1.0,0.0,0.0,0.0,0.0,1.0,0.0,0.0,0.0,0.0,0.0,0.0,12.0,46.0,0.0,6.0,6.0,1.0,1.0,0.0,1.0,0.0,0.0,0.0,0.0,0.0,1.0,1.0,0.0,0.0,0.0,0.0,0.0,0.0,0.0,9.0,5.0,0.0,0.0,1.0,0.0,0.0,0.0,0.0,0.0,0.0,1.0,0.0,0.0,2.0,0.0,0.0
Физика,1.0,0.0,0.0,0.0,0.0,0.0,0.0,0.0,0.0,0.0,0.0,0.0,0.0,0.0,2.0,0.0,0.0,0.0,0.0,0.0,0.0,0.0,0.0,0.0,0.0,0.0,0.0,0.0,0.0,0.0,0.0,0.0,0.0,0.0,0.0,0.0,0.0,0.0,0.0,0.0,0.0,0.0,0.0,0.0,0.0,0.0,0.0,0.0,0.0,0.0,0.0,0.0,0.0,0.0,0.0,0.0,0.0,0.0,0.0,0.0,0.0,0.0,0.0,0.0,0.0,0.0,0.0,0.0,0.0,0.0,0.0,0.0,0.0,0.0,0.0,0.0,0.0,0.0,0.0,0.0,0.0,0.0,0.0,0.0,0.0,0.0,0.0,8.0,0.0,0.0,0.0,0.0,0.0,0.0,0.0,0.0,0.0,0.0,0.0,0.0,0.0,0.0,0.0,0.0,0.0,0.0,0.0,0.0,0.0,1.0,0.0,1.0,0.0,0.0,0.0,0.0,0.0,0.0,0.0,0.0,0.0,0.0,0.0,0.0,0.0
Аналитика данных для бизнеса и экономики,0.0,0.0,1.0,0.0,1.0,0.0,0.0,0.0,0.0,0.0,0.0,0.0,0.0,1.0,0.0,1.0,1.0,0.0,0.0,1.0,1.0,1.0,3.0,1.0,3.0,0.0,0.0,0.0,1.0,0.0,2.0,2.0,3.0,3.0,0.0,0.0,0.0,0.0,0.0,1.0,0.0,1.0,1.0,1.0,1.0,3.0,2.0,2.0,1.0,1.0,3.0,3.0,2.0,3.0,1.0,0.0,0.0,0.0,1.0,0.0,0.0,0.0,0.0,0.0,3.0,0.0,0.0,1.0,1.0,3.0,0.0,0.0,0.0,3.0,2.0,2.0,1.0,0.0,0.0,2.0,0.0,0.0,0.0,1.0,1.0,4.0,6.0,0.0,46.0,30.0,8.0,12.0,6.0,10.0,9.0,1.0,2.0,3.0,2.0,3.0,0.0,0.0,0.0,1.0,0.0,2.0,1.0,17.0,10.0,0.0,0.0,0.0,0.0,0.0,0.0,0.0,0.0,2.0,10.0,0.0,0.0,0.0,0.0,0.0,1.0
Аналитика данных для бизнеса и экономики,0.0,0.0,2.0,0.0,1.0,1.0,1.0,0.0,1.0,1.0,0.0,2.0,1.0,2.0,0.0,2.0,1.0,0.0,2.0,2.0,2.0,2.0,2.0,2.0,2.0,0.0,1.0,0.0,1.0,1.0,3.0,3.0,4.0,4.0,0.0,0.0,0.0,0.0,0.0,1.0,0.0,1.0,1.0,1.0,1.0,2.0,3.0,3.0,2.0,2.0,4.0,3.0,2.0,4.0,1.0,1.0,1.0,1.0,2.0,1.0,1.0,1.0,0.0,1.0,4.0,1.0,0.0,1.0,1.0,2.0,0.0,0.0,0.0,3.0,2.0,2.0,1.0,0.0,0.0,2.0,0.0,0.0,0.0,1.0,1.0,2.0,6.0,0.0,30.0,48.0,13.0,12.0,4.0,11.0,5.0,1.0,4.0,4.0,4.0,3.0,0.0,0.0,0.0,1.0,1.0,2.0,1.0,22.0,8.0,0.0,1.0,0.0,1.0,0.0,0.0,0.0,0.0,3.0,7.0,1.0,0.0,0.0,0.0,0.0,1.0
Финансы,0.0,0.0,0.0,0.0,0.0,0.0,0.0,0.0,0.0,0.0,0.0,0.0,0.0,0.0,0.0,0.0,1.0,0.0,0.0,2.0,2.0,2.0,2.0,2.0,2.0,0.0,0.0,0.0,1.0,0.0,3.0,2.0,3.0,4.0,0.0,0.0,0.0,0.0,0.0,1.0,0.0,1.0,1.0,1.0,1.0,3.0,3.0,3.0,2.0,2.0,3.0,2.0,3.0,3.0,1.0,1.0,1.0,1.0,1.0,1.0,1.0,1.0,0.0,1.0,4.0,1.0,0.0,1.0,1.0,1.0,0.0,0.0,0.0,2.0,2.0,2.0,1.0,0.0,0.0,1.0,0.0,0.0,0.0,1.0,1.0,0.0,1.0,0.0,8.0,13.0,38.0,8.0,5.0,6.0,5.0,1.0,1.0,3.0,2.0,3.0,1.0,1.0,0.0,1.0,1.0,1.0,0.0,18.0,2.0,0.0,1.0,0.0,0.0,0.0,0.0,0.0,0.0,2.0,6.0,2.0,1.0,0.0,0.0,0.0,1.0
Международный бизнес в странах Азиатско-Тихоокеанского региона,0.0,0.0,0.0,0.0,0.0,0.0,0.0,0.0,0.0,0.0,0.0,0.0,0.0,0.0,0.0,0.0,1.0,0.0,0.0,2.0,2.0,2.0,1.0,2.0,1.0,0.0,0.0,0.0,1.0,0.0,3.0,3.0,4.0,6.0,0.0,0.0,0.0,0.0,0.0,0.0,0.0,2.0,1.0,1.0,1.0,1.0,3.0,3.0,2.0,2.0,3.0,2.0,1.0,3.0,1.0,1.0,1.0,1.0,3.0,1.0,1.0,1.0,0.0,1.0,3.0,1.0,0.0,1.0,1.0,1.0,0.0,0.0,0.0,2.0,1.0,2.0,1.0,0.0,0.0,5.0,0.0,1.0,0.0,1.0,1.0,0.0,1.0,0.0,12.0,12.0,8.0,33.0,3.0,8.0,10.0,2.0,2.0,2.0,1.0,5.0,0.0,0.0,0.0,0.0,3.0,1.0,0.0,6.0,1.0,0.0,1.0,0.0,0.0,0.0,0.0,0.0,0.0,2.0,7.0,6.0,2.0,0.0,0.0,0.0,1.0
Городское развитие и управление,0.0,0.0,0.0,0.0,0.0,0.0,0.0,0.0,0.0,0.0,0.0,0.0,0.0,0.0,0.0,0.0,4.0,0.0,0.0,2.0,2.0,2.0,1.0,3.0,2.0,0.0,0.0,0.0,1.0,0.0,3.0,2.0,3.0,4.0,0.0,0.0,0.0,1.0,0.0,0.0,0.0,2.0,1.0,1.0,1.0,4.0,3.0,3.0,2.0,2.0,2.0,1.0,4.0,2.0,1.0,1.0,2.0,1.0,2.0,1.0,1.0,1.0,0.0,1.0,3.0,1.0,0.0,1.0,1.0,0.0,1.0,1.0,0.0,1.0,1.0,1.0,1.0,0.0,0.0,2.0,0.0,0.0,0.0,1.0,1.0,0.0,0.0,0.0,6.0,4.0,5.0,3.0,30.0,4.0,7.0,4.0,4.0,5.0,6.0,2.0,1.0,1.0,0.0,0.0,1.0,4.0,2.0,4.0,0.0,0.0,1.0,0.0,0.0,0.0,0.0,0.0,0.0,4.0,4.0,5.0,1.0,0.0,0.0,1.0,2.0
Стратегическое управление логистикой и цепями поставок,0.0,0.0,0.0,0.0,0.0,0.0,0.0,0.0,0.0,0.0,0.0,0.0,0.0,0.0,0.0,0.0,1.0,0.0,0.0,2.0,2.0,2.0,2.0,2.0,2.0,0.0,0.0,0.0,1.0,0.0,3.0,3.0,4.0,4.0,0.0,0.0,0.0,0.0,0.0,1.0,0.0,1.0,1.0,1.0,1.0,1.0,3.0,3.0,2.0,2.0,4.0,3.0,1.0,4.0,1.0,1.0,1.0,1.0,1.0,1.0,1.0,1.0,0.0,1.0,4.0,1.0,0.0,1.0,1.0,2.0,0.0,0.0,0.0,3.0,2.0,2.0,1.0,0.0,0.0,2.0,0.0,0.0,0.0,1.0,1.0,1.0,1.0,0.0,10.0,11.0,6.0,8.0,4.0,24.0,4.0,1.0,3.0,3.0,2.0,3.0,1.0,0.0,0.0,1.0,1.0,2.0,2.0,10.0,3.0,0.0,1.0,0.0,0.0,0.0,0.0,0.0,0.0,3.0,6.0,2.0,0.0,0.0,0.0,0.0,1.0
Менеджмент в индустрии впечатлений,0.0,0.0,0.0,0.0,0.0,0.0,0.0,0.0,0.0,0.0,0.0,0.0,0.0,0.0,0.0,0.0,2.0,0.0,0.0,1.0,1.0,1.0,2.0,2.0,2.0,0.0,0.0,0.0,1.0,0.0,2.0,2.0,5.0,7.0,0.0,0.0,0.0,1.0,0.0,1.0,0.0,2.0,2.0,1.0,1.0,1.0,2.0,2.0,1.0,1.0,4.0,3.0,2.0,3.0,1.0,0.0,0.0,0.0,1.0,0.0,0.0,0.0,0.0,0.0,3.0,0.0,0.0,1.0,1.0,3.0,1.0,0.0,0.0,3.0,2.0,2.0,1.0,0.0,0.0,5.0,0.0,0.0,0.0,1.0,1.0,0.0,0.0,0.0,9.0,5.0,5.0,10.0,7.0,4.0,38.0,1.0,0.0,0.0,0.0,7.0,0.0,0.0,1.0,1.0,1.0,2.0,0.0,5.0,3.0,0.0,0.0,0.0,0.0,0.0,0.0,0.0,0.0,3.0,10.0,3.0,2.0,0.0,0.0,0.0,1.0
Современный социальный анализ,0.0,0.0,0.0,0.0,0.0,0.0,0.0,0.0,0.0,0.0,0.0,0.0,0.0,0.0,0.0,0.0,1.0,0.0,0.0,1.0,1.0,1.0,1.0,1.0,1.0,0.0,0.0,0.0,1.0,0.0,1.0,1.0,2.0,1.0,0.0,0.0,0.0,0.0,0.0,0.0,0.0,1.0,1.0,2.0,2.0,1.0,1.0,1.0,1.0,1.0,1.0,1.0,1.0,1.0,2.0,0.0,0.0,0.0,0.0,0.0,0.0,0.0,0.0,0.0,1.0,0.0,0.0,1.0,2.0,0.0,0.0,0.0,0.0,1.0,1.0,1.0,1.0,0.0,0.0,1.0,0.0,0.0,0.0,1.0,1.0,0.0,0.0,0.0,1.0,1.0,1.0,2.0,4.0,1.0,1.0,18.0,0.0,0.0,0.0,1.0,0.0,0.0,1.0,0.0,0.0,5.0,1.0,2.0,0.0,0.0,0.0,0.0,0.0,0.0,0.0,0.0,0.0,3.0,1.0,1.0,0.0,0.0,0.0,0.0,1.0
Право интеллектуальной собственности в цифровую эпоху,0.0,0.0,0.0,0.0,0.0,0.0,0.0,0.0,0.0,0.0,0.0,0.0,0.0,0.0,0.0,0.0,0.0,0.0,0.0,1.0,1.0,1.0,0.0,1.0,0.0,0.0,0.0,0.0,0.0,0.0,1.0,1.0,2.0,1.0,0.0,0.0,0.0,0.0,0.0,0.0,0.0,0.0,1.0,0.0,0.0,0.0,1.0,1.0,1.0,1.0,1.0,0.0,0.0,1.0,0.0,6.0,4.0,3.0,2.0,7.0,3.0,9.0,2.0,4.0,1.0,1.0,2.0,0.0,0.0,0.0,0.0,0.0,0.0,0.0,1.0,1.0,0.0,0.0,0.0,1.0,0.0,0.0,0.0,0.0,0.0,0.0,0.0,0.0,2.0,4.0,1.0,2.0,4.0,3.0,0.0,0.0,39.0,27.0,16.0,0.0,1.0,0.0,0.0,0.0,1.0,0.0,1.0,2.0,1.0,0.0,1.0,0.0,0.0,0.0,0.0,0.0,0.0,3.0,0.0,3.0,2.0,0.0,0.0,0.0,0.0
Гражданское и коммерческое право,0.0,0.0,0.0,0.0,0.0,0.0,0.0,0.0,0.0,0.0,0.0,0.0,0.0,0.0,0.0,0.0,0.0,0.0,0.0,1.0,1.0,1.0,0.0,1.0,0.0,0.0,0.0,0.0,0.0,0.0,1.0,1.0,2.0,1.0,0.0,0.0,0.0,0.0,0.0,0.0,0.0,0.0,1.0,0.0,0.0,0.0,1.0,1.0,1.0,1.0,1.0,0.0,0.0,1.0,0.0,9.0,5.0,3.0,2.0,8.0,4.0,7.0,2.0,4.0,1.0,1.0,3.0,0.0,0.0,0.0,0.0,0.0,0.0,0.0,1.0,1.0,0.0,0.0,0.0,1.0,0.0,0.0,0.0,0.0,0.0,0.0,0.0,0.0,3.0,4.0,3.0,2.0,5.0,3.0,0.0,0.0,27.0,54.0,25.0,1.0,0.0,0.0,0.0,0.0,1.0,0.0,1.0,3.0,2.0,0.0,1.0,0.0,0.0,0.0,0.0,0.0,0.0,2.0,0.0,4.0,1.0,0.0,0.0,0.0,0.0
Право и государственное управление,0.0,0.0,0.0,0.0,0.0,0.0,0.0,0.0,0.0,0.0,0.0,0.0,0.0,0.0,0.0,0.0,0.0,0.0,0.0,1.0,1.0,1.0,0.0,1.0,0.0,0.0,0.0,0.0,0.0,0.0,1.0,1.0,1.0,1.0,0.0,0.0,0.0,0.0,0.0,0.0,0.0,0.0,0.0,0.0,0.0,0.0,1.0,1.0,1.0,1.0,1.0,0.0,0.0,1.0,0.0,4.0,6.0,2.0,1.0,4.0,4.0,4.0,2.0,3.0,1.0,1.0,1.0,0.0,0.0,0.0,0.0,0.0,0.0,0.0,0.0,0.0,0.0,0.0,0.0,0.0,0.0,0.0,0.0,0.0,0.0,0.0,0.0,0.0,2.0,4.0,2.0,1.0,6.0,2.0,0.0,0.0,16.0,25.0,33.0,0.0,0.0,0.0,0.0,0.0,1.0,0.0,1.0,3.0,2.0,0.0,1.0,0.0,0.0,0.0,0.0,0.0,0.0,2.0,1.0,4.0,1.0,0.0,0.0,0.0,0.0
Медиапроизводство и медиааналитика,0.0,0.0,0.0,0.0,0.0,0.0,0.0,0.0,0.0,0.0,0.0,0.0,0.0,0.0,0.0,0.0,1.0,0.0,0.0,2.0,2.0,2.0,2.0,1.0,2.0,0.0,0.0,0.0,1.0,0.0,1.0,1.0,2.0,3.0,2.0,0.0,0.0,1.0,0.0,1.0,0.0,4.0,3.0,1.0,1.0,1.0,1.0,1.0,1.0,1.0,2.0,2.0,1.0,2.0,1.0,0.0,0.0,0.0,1.0,0.0,0.0,0.0,0.0,0.0,2.0,0.0,0.0,1.0,1.0,1.0,4.0,0.0,0.0,2.0,2.0,3.0,4.0,0.0,1.0,7.0,0.0,0.0,0.0,1.0,2.0,0.0,1.0,0.0,3.0,3.0,3.0,5.0,2.0,3.0,7.0,1.0,0.0,1.0,0.0,40.0,0.0,4.0,0.0,2.0,1.0,3.0,0.0,3.0,2.0,0.0,0.0,0.0,0.0,0.0,0.0,0.0,1.0,3.0,5.0,1.0,1.0,0.0,0.0,0.0,1.0
Языковые технологии в бизнесе и образовании,0.0,0.0,0.0,0.0,0.0,0.0,0.0,0.0,0.0,0.0,0.0,0.0,0.0,0.0,0.0,0.0,0.0,0.0,0.0,0.0,0.0,0.0,0.0,0.0,0.0,0.0,0.0,0.0,0.0,0.0,0.0,0.0,0.0,0.0,0.0,1.0,0.0,0.0,0.0,0.0,0.0,0.0,1.0,0.0,0.0,0.0,0.0,0.0,0.0,0.0,0.0,0.0,0.0,0.0,0.0,0.0,0.0,0.0,0.0,0.0,0.0,0.0,0.0,0.0,0.0,0.0,0.0,0.0,0.0,0.0,0.0,1.0,0.0,0.0,0.0,0.0,0.0,0.0,0.0,0.0,0.0,0.0,2.0,0.0,0.0,1.0,1.0,0.0,0.0,0.0,1.0,0.0,1.0,1.0,0.0,0.0,1.0,0.0,0.0,0.0,23.0,3.0,1.0,1.0,2.0,0.0,0.0,0.0,1.0,0.0,1.0,0.0,0.0,2.0,0.0,0.0,0.0,2.0,0.0,3.0,0.0,0.0,0.0,0.0,0.0
Русская литература в кросс-культурной и интермедиальной перспективах,0.0,0.0,0.0,0.0,0.0,0.0,0.0,0.0,0.0,0.0,0.0,0.0,0.0,0.0,0.0,0.0,0.0,0.0,0.0,1.0,1.0,1.0,0.0,0.0,0.0,0.0,0.0,0.0,0.0,0.0,0.0,0.0,0.0,0.0,5.0,0.0,0.0,0.0,1.0,0.0,0.0,2.0,1.0,0.0,0.0,0.0,0.0,0.0,0.0,0.0,0.0,0.0,0.0,0.0,0.0,0.0,0.0,0.0,0.0,0.0,0.0,0.0,0.0,0.0,0.0,0.0,0.0,0.0,0.0,0.0,2.0,0.0,0.0,0.0,0.0,0.0,2.0,0.0,1.0,2.0,0.0,0.0,1.0,0.0,1.0,0.0,0.0,0.0,0.0,0.0,1.0,0.0,1.0,0.0,0.0,0.0,0.0,0.0,0.0,4.0,3.0,21.0,0.0,1.0,1.0,0.0,0.0,0.0,0.0,0.0,1.0,0.0,0.0,1.0,0.0,0.0,4.0,2.0,0.0,0.0,0.0,0.0,0.0,0.0,0.0
Глобальная и региональная история,0.0,0.0,0.0,0.0,0.0,0.0,0.0,0.0,0.0,0.0,0.0,0.0,0.0,0.0,0.0,0.0,0.0,0.0,0.0,0.0,0.0,0.0,0.0,0.0,0.0,0.0,0.0,0.0,0.0,0.0,0.0,0.0,0.0,0.0,0.0,0.0,0.0,0.0,0.0,0.0,0.0,0.0,0.0,0.0,0.0,0.0,0.0,0.0,0.0,0.0,0.0,0.0,0.0,0.0,0.0,0.0,0.0,0.0,0.0,0.0,0.0,0.0,0.0,0.0,0.0,0.0,0.0,0.0,0.0,0.0,0.0,0.0,0.0,0.0,0.0,0.0,0.0,0.0,0.0,0.0,0.0,0.0,0.0,0.0,0.0,1.0,0.0,0.0,0.0,0.0,0.0,0.0,0.0,0.0,1.0,1.0,0.0,0.0,0.0,0.0,1.0,0.0,12.0,2.0,1.0,1.0,1.0,0.0,1.0,0.0,0.0,0.0,0.0,0.0,0.0,0.0,0.0,0.0,0.0,1.0,1.0,0.0,0.0,0.0,0.0
Дизайн,0.0,0.0,0.0,0.0,0.0,0.0,0.0,0.0,0.0,0.0,0.0,0.0,0.0,0.0,0.0,0.0,0.0,0.0,0.0,0.0,0.0,0.0,1.0,0.0,1.0,0.0,0.0,0.0,1.0,0.0,0.0,0.0,1.0,1.0,0.0,0.0,0.0,1.0,0.0,12.0,0.0,1.0,0.0,0.0,0.0,0.0,0.0,0.0,0.0,0.0,1.0,1.0,0.0,1.0,0.0,0.0,0.0,0.0,0.0,0.0,0.0,0.0,0.0,0.0,1.0,0.0,0.0,0.0,0.0,1.0,1.0,0.0,0.0,1.0,1.0,1.0,0.0,5.0,1.0,0.0,0.0,0.0,0.0,0.0,0.0,0.0,0.0,0.0,1.0,1.0,1.0,0.0,0.0,1.0,1.0,0.0,0.0,0.0,0.0,2.0,1.0,1.0,2.0,34.0,1.0,0.0,0.0,1.0,1.0,0.0,0.0,0.0,0.0,0.0,0.0,0.0,0.0,1.0,1.0,1.0,1.0,0.0,0.0,0.0,0.0
Кросс-культурные исследования Азии и Африки в контексте международных отношений,0.0,0.0,0.0,0.0,0.0,0.0,0.0,0.0,0.0,0.0,0.0,0.0,0.0,0.0,0.0,0.0,0.0,0.0,0.0,2.0,2.0,2.0,0.0,1.0,0.0,0.0,0.0,0.0,0.0,0.0,1.0,1.0,1.0,1.0,0.0,0.0,0.0,0.0,0.0,0.0,4.0,1.0,1.0,0.0,0.0,0.0,1.0,1.0,1.0,1.0,1.0,0.0,0.0,1.0,0.0,1.0,1.0,1.0,2.0,1.0,1.0,1.0,0.0,1.0,1.0,1.0,0.0,0.0,0.0,0.0,1.0,1.0,0.0,0.0,0.0,0.0,1.0,0.0,0.0,1.0,0.0,3.0,1.0,0.0,0.0,0.0,0.0,0.0,0.0,1.0,1.0,3.0,1.0,1.0,1.0,0.0,1.0,1.0,1.0,1.0,2.0,1.0,1.0,1.0,16.0,0.0,0.0,1.0,0.0,0.0,2.0,0.0,0.0,0.0,0.0,0.0,0.0,2.0,0.0,4.0,1.0,0.0,0.0,0.0,0.0
Анализ данных для государства и общества,0.0,0.0,0.0,0.0,0.0,0.0,0.0,0.0,0.0,0.0,0.0,0.0,0.0,0.0,0.0,0.0,1.0,0.0,0.0,1.0,1.0,1.0,1.0,1.0,1.0,0.0,0.0,0.0,1.0,0.0,1.0,1.0,1.0,1.0,0.0,0.0,0.0,0.0,0.0,0.0,0.0,1.0,1.0,1.0,1.0,1.0,1.0,1.0,1.0,1.0,1.0,1.0,1.0,1.0,1.0,0.0,0.0,0.0,0.0,0.0,0.0,0.0,0.0,0.0,1.0,0.0,0.0,1.0,1.0,0.0,0.0,0.0,0.0,1.0,1.0,1.0,2.0,0.0,0.0,1.0,0.0,0.0,0.0,1.0,1.0,1.0,0.0,0.0,2.0,2.0,1.0,1.0,4.0,2.0,2.0,5.0,0.0,0.0,0.0,3.0,0.0,0.0,1.0,0.0,0.0,11.0,3.0,3.0,1.0,0.0,0.0,0.0,0.0,0.0,0.0,0.0,0.0,2.0,3.0,0.0,0.0,0.0,0.0,0.0,1.0
Анализ данных для государства и общества,0.0,0.0,0.0,0.0,0.0,0.0,0.0,0.0,0.0,0.0,0.0,0.0,0.0,0.0,0.0,0.0,0.0,0.0,0.0,0.0,0.0,0.0,0.0,0.0,0.0,0.0,0.0,0.0,0.0,0.0,0.0,0.0,0.0,0.0,0.0,0.0,0.0,0.0,0.0,0.0,0.0,0.0,0.0,0.0,0.0,0.0,0.0,0.0,0.0,0.0,0.0,0.0,0.0,0.0,0.0,0.0,0.0,0.0,0.0,0.0,0.0,0.0,0.0,0.0,0.0,0.0,0.0,0.0,0.0,0.0,0.0,0.0,0.0,0.0,0.0,0.0,0.0,0.0,0.0,0.0,0.0,0.0,0.0,0.0,0.0,0.0,0.0,0.0,1.0,1.0,0.0,0.0,2.0,2.0,0.0,1.0,1.0,1.0,1.0,0.0,0.0,0.0,1.0,0.0,0.0,3.0,10.0,2.0,0.0,0.0,0.0,0.0,0.0,0.0,0.0,0.0,0.0,2.0,1.0,3.0,2.0,0.0,0.0,0.0,0.0
Экономика и бизнес-консалтинг,0.0,0.0,0.0,0.0,0.0,0.0,0.0,0.0,0.0,0.0,0.0,0.0,0.0,0.0,0.0,0.0,2.0,0.0,0.0,2.0,2.0,2.0,2.0,2.0,3.0,0.0,0.0,0.0,1.0,0.0,3.0,3.0,5.0,5.0,0.0,0.0,0.0,1.0,0.0,1.0,0.0,1.0,1.0,1.0,1.0,2.0,3.0,3.0,2.0,2.0,5.0,3.0,2.0,4.0,1.0,1.0,1.0,1.0,2.0,1.0,1.0,1.0,0.0,1.0,4.0,1.0,0.0,1.0,1.0,3.0,0.0,1.0,0.0,3.0,2.0,2.0,1.0,0.0,0.0,2.0,0.0,0.0,0.0,1.0,1.0,1.0,0.0,0.0,17.0,22.0,18.0,6.0,4.0,10.0,5.0,2.0,2.0,3.0,3.0,3.0,0.0,0.0,0.0,1.0,1.0,3.0,2.0,50.0,7.0,0.0,1.0,0.0,0.0,0.0,0.0,0.0,0.0,3.0,9.0,1.0,0.0,0.0,0.0,0.0,1.0
Бизнес- и ИТ-архитектура высокотехнологичных компаний,0.0,0.0,0.0,1.0,1.0,1.0,2.0,1.0,2.0,2.0,1.0,2.0,1.0,1.0,0.0,0.0,0.0,0.0,3.0,0.0,0.0,0.0,3.0,0.0,2.0,0.0,1.0,0.0,0.0,1.0,0.0,0.0,2.0,2.0,0.0,0.0,0.0,0.0,0.0,1.0,0.0,0.0,0.0,0.0,0.0,1.0,0.0,0.0,0.0,0.0,2.0,1.0,0.0,1.0,0.0,0.0,0.0,0.0,0.0,0.0,0.0,0.0,0.0,0.0,1.0,0.0,0.0,0.0,0.0,5.0,0.0,0.0,0.0,1.0,1.0,1.0,0.0,0.0,0.0,0.0,0.0,0.0,0.0,0.0,0.0,8.0,9.0,0.0,10.0,8.0,2.0,1.0,0.0,3.0,3.0,0.0,1.0,2.0,2.0,2.0,1.0,0.0,1.0,1.0,0.0,1.0,0.0,7.0,36.0,1.0,0.0,0.0,1.0,0.0,0.0,0.0,0.0,0.0,3.0,1.0,0.0,0.0,1.0,0.0,0.0
Вычислительная биология и биоинформатика,1.0,1.0,3.0,2.0,3.0,2.0,1.0,1.0,2.0,1.0,1.0,3.0,1.0,3.0,0.0,0.0,0.0,0.0,3.0,0.0,0.0,0.0,0.0,0.0,0.0,0.0,0.0,1.0,0.0,1.0,0.0,0.0,0.0,0.0,0.0,0.0,0.0,0.0,0.0,0.0,0.0,0.0,0.0,0.0,0.0,0.0,0.0,0.0,0.0,0.0,0.0,0.0,0.0,0.0,0.0,0.0,0.0,0.0,0.0,0.0,0.0,0.0,0.0,0.0,0.0,0.0,0.0,0.0,0.0,1.0,0.0,0.0,0.0,0.0,0.0,0.0,0.0,0.0,1.0,0.0,0.0,0.0,0.0,0.0,0.0,3.0,5.0,1.0,0.0,0.0,0.0,0.0,0.0,0.0,0.0,0.0,0.0,0.0,0.0,0.0,0.0,0.0,0.0,0.0,0.0,0.0,0.0,0.0,1.0,12.0,0.0,0.0,0.0,0.0,0.0,0.0,0.0,0.0,0.0,0.0,0.0,0.0,2.0,0.0,0.0
Иностранные языки и межкультурная коммуникация,0.0,0.0,0.0,0.0,0.0,0.0,0.0,0.0,1.0,0.0,0.0,0.0,0.0,0.0,0.0,0.0,1.0,1.0,0.0,2.0,2.0,2.0,1.0,3.0,2.0,1.0,1.0,0.0,2.0,0.0,3.0,3.0,3.0,7.0,5.0,8.0,4.0,4.0,4.0,4.0,1.0,6.0,9.0,1.0,2.0,5.0,3.0,4.0,1.0,1.0,3.0,1.0,0.0,1.0,1.0,3.0,4.0,4.0,13.0,3.0,3.0,3.0,3.0,5.0,2.0,3.0,2.0,2.0,2.0,0.0,4.0,5.0,3.0,2.0,2.0,2.0,3.0,0.0,2.0,6.0,4.0,6.0,7.0,1.0,2.0,0.0,0.0,0.0,0.0,1.0,1.0,1.0,1.0,1.0,0.0,0.0,1.0,1.0,1.0,0.0,1.0,1.0,0.0,0.0,2.0,0.0,0.0,1.0,0.0,0.0,52.0,1.0,0.0,8.0,1.0,5.0,2.0,1.0,0.0,2.0,0.0,2.0,0.0,0.0,0.0
Нейробиология,1.0,1.0,6.0,2.0,2.0,2.0,4.0,2.0,1.0,2.0,1.0,2.0,1.0,3.0,1.0,1.0,0.0,1.0,1.0,0.0,0.0,1.0,2.0,0.0,0.0,0.0,1.0,14.0,2.0,1.0,0.0,0.0,0.0,0.0,1.0,0.0,0.0,0.0,0.0,0.0,1.0,0.0,0.0,0.0,0.0,0.0,0.0,0.0,0.0,1.0,0.0,0.0,0.0,0.0,0.0,0.0,0.0,0.0,0.0,0.0,0.0,0.0,0.0,0.0,0.0,0.0,0.0,0.0,0.0,1.0,0.0,0.0,0.0,0.0,0.0,0.0,0.0,0.0,0.0,0.0,0.0,0.0,0.0,0.0,0.0,0.0,0.0,1.0,0.0,0.0,0.0,0.0,0.0,0.0,0.0,0.0,0.0,0.0,0.0,0.0,0.0,0.0,0.0,0.0,0.0,0.0,0.0,0.0,0.0,0.0,1.0,26.0,1.0,0.0,0.0,0.0,0.0,0.0,0.0,0.0,0.0,0.0,1.0,1.0,0.0
Цифровой инжиниринг в телекоммуникациях,2.0,1.0,2.0,1.0,3.0,2.0,8.0,5.0,10.0,8.0,5.0,5.0,5.0,4.0,2.0,0.0,0.0,0.0,6.0,0.0,0.0,0.0,1.0,0.0,0.0,4.0,10.0,1.0,0.0,12.0,0.0,1.0,1.0,0.0,0.0,1.0,0.0,0.0,0.0,1.0,0.0,0.0,0.0,0.0,0.0,0.0,1.0,0.0,1.0,1.0,0.0,0.0,0.0,0.0,0.0,0.0,0.0,0.0,0.0,0.0,0.0,0.0,0.0,0.0,1.0,0.0,0.0,0.0,0.0,3.0,0.0,0.0,0.0,0.0,0.0,0.0,0.0,0.0,0.0,0.0,0.0,0.0,0.0,0.0,0.0,0.0,1.0,0.0,0.0,1.0,0.0,0.0,0.0,0.0,0.0,0.0,0.0,0.0,0.0,0.0,0.0,0.0,0.0,0.0,0.0,0.0,0.0,0.0,1.0,0.0,0.0,1.0,16.0,1.0,0.0,0.0,0.0,0.0,0.0,0.0,0.0,0.0,3.0,0.0,0.0
Цифровые технологии в гуманитарных исследованиях,0.0,0.0,1.0,0.0,1.0,1.0,1.0,1.0,0.0,1.0,1.0,1.0,1.0,1.0,0.0,0.0,1.0,0.0,1.0,0.0,0.0,0.0,0.0,2.0,1.0,1.0,1.0,0.0,0.0,1.0,0.0,0.0,1.0,2.0,1.0,16.0,6.0,3.0,3.0,1.0,2.0,2.0,2.0,1.0,1.0,4.0,0.0,0.0,0.0,0.0,2.0,1.0,0.0,0.0,1.0,1.0,1.0,1.0,6.0,1.0,1.0,1.0,1.0,2.0,0.0,1.0,1.0,2.0,2.0,1.0,1.0,2.0,2.0,2.0,1.0,2.0,2.0,0.0,1.0,2.0,1.0,4.0,4.0,1.0,1.0,0.0,0.0,0.0,0.0,0.0,0.0,0.0,0.0,0.0,0.0,0.0,0.0,0.0,0.0,0.0,2.0,1.0,0.0,0.0,0.0,0.0,0.0,0.0,0.0,0.0,8.0,0.0,1.0,33.0,1.0,2.0,1.0,0.0,0.0,0.0,0.0,2.0,1.0,1.0,0.0
Археологические исследования,0.0,0.0,0.0,0.0,0.0,0.0,0.0,0.0,0.0,0.0,0.0,0.0,0.0,0.0,0.0,0.0,0.0,0.0,0.0,1.0,1.0,1.0,0.0,2.0,1.0,0.0,0.0,0.0,2.0,0.0,1.0,1.0,1.0,1.0,0.0,0.0,0.0,4.0,3.0,1.0,2.0,1.0,1.0,1.0,0.0,2.0,1.0,1.0,1.0,1.0,0.0,0.0,1.0,1.0,1.0,2.0,2.0,2.0,3.0,2.0,3.0,2.0,2.0,2.0,1.0,2.0,2.0,1.0,1.0,0.0,2.0,2.0,2.0,1.0,1.0,1.0,1.0,1.0,3.0,1.0,2.0,3.0,1.0,0.0,1.0,0.0,0.0,0.0,0.0,0.0,0.0,0.0,0.0,0.0,0.0,0.0,0.0,0.0,0.0,0.0,0.0,0.0,0.0,0.0,0.0,0.0,0.0,0.0,0.0,0.0,1.0,0.0,0.0,1.0,16.0,7.0,0.0,0.0,0.0,0.0,0.0,2.0,0.0,0.0,1.0
Исторические исследования,0.0,0.0,0.0,0.0,1.0,0.0,0.0,1.0,0.0,0.0,0.0,0.0,0.0,0.0,0.0,0.0,1.0,0.0,0.0,0.0,1.0,1.0,0.0,5.0,1.0,0.0,0.0,0.0,0.0,0.0,3.0,3.0,2.0,4.0,0.0,1.0,0.0,6.0,5.0,1.0,4.0,3.0,2.0,3.0,2.0,8.0,3.0,3.0,2.0,1.0,1.0,1.0,2.0,2.0,3.0,2.0,3.0,2.0,8.0,2.0,3.0,2.0,3.0,3.0,3.0,3.0,2.0,2.0,4.0,0.0,2.0,7.0,5.0,1.0,1.0,1.0,2.0,1.0,3.0,3.0,4.0,4.0,1.0,1.0,1.0,0.0,0.0,0.0,0.0,0.0,0.0,0.0,0.0,0.0,0.0,0.0,0.0,0.0,0.0,0.0,0.0,0.0,0.0,0.0,0.0,0.0,0.0,0.0,0.0,0.0,5.0,0.0,0.0,2.0,7.0,33.0,0.0,0.0,0.0,0.0,0.0,2.0,0.0,1.0,1.0
Филологические исследования,0.0,0.0,0.0,0.0,0.0,0.0,0.0,0.0,0.0,0.0,0.0,0.0,0.0,0.0,0.0,0.0,0.0,0.0,0.0,1.0,1.0,1.0,0.0,0.0,2.0,0.0,0.0,0.0,1.0,0.0,0.0,0.0,2.0,1.0,11.0,1.0,1.0,3.0,3.0,0.0,0.0,1.0,2.0,0.0,0.0,1.0,0.0,1.0,0.0,0.0,1.0,0.0,0.0,0.0,0.0,0.0,0.0,0.0,1.0,0.0,0.0,0.0,0.0,0.0,0.0,0.0,0.0,0.0,0.0,0.0,1.0,0.0,0.0,2.0,2.0,1.0,2.0,0.0,3.0,3.0,1.0,0.0,0.0,0.0,0.0,0.0,0.0,0.0,0.0,0.0,0.0,0.0,0.0,0.0,0.0,0.0,0.0,0.0,0.0,1.0,0.0,4.0,0.0,0.0,0.0,0.0,0.0,0.0,0.0,0.0,2.0,0.0,0.0,1.0,0.0,0.0,23.0,0.0,0.0,0.0,0.0,0.0,0.0,0.0,0.0
Психологическое сопровождение в сфере управления здоровьем и благополучием,0.0,0.0,0.0,0.0,0.0,0.0,0.0,0.0,0.0,0.0,0.0,0.0,0.0,0.0,0.0,0.0,2.0,0.0,0.0,5.0,6.0,7.0,1.0,3.0,1.0,0.0,0.0,0.0,3.0,0.0,2.0,2.0,2.0,3.0,0.0,0.0,0.0,0.0,0.0,1.0,0.0,2.0,2.0,1.0,1.0,1.0,2.0,2.0,2.0,2.0,2.0,1.0,2.0,2.0,1.0,1.0,1.0,1.0,1.0,1.0,1.0,1.0,0.0,1.0,2.0,1.0,0.0,1.0,1.0,0.0,3.0,0.0,0.0,1.0,1.0,1.0,3.0,0.0,0.0,2.0,0.0,0.0,0.0,1.0,1.0,0.0,0.0,0.0,2.0,3.0,2.0,2.0,4.0,3.0,3.0,3.0,3.0,2.0,2.0,3.0,2.0,2.0,0.0,1.0,2.0,2.0,2.0,3.0,0.0,0.0,1.0,0.0,0.0,0.0,0.0,0.0,0.0,41.0,1.0,2.0,1.0,0.0,0.0,0.0,1.0
Социальное предпринимательство и инновации,0.0,0.0,0.0,0.0,0.0,0.0,0.0,0.0,0.0,0.0,0.0,0.0,0.0,0.0,0.0,0.0,2.0,0.0,0.0,1.0,1.0,1.0,2.0,1.0,3.0,0.0,0.0,0.0,1.0,0.0,2.0,2.0,4.0,4.0,0.0,0.0,0.0,1.0,0.0,1.0,0.0,1.0,1.0,1.0,1.0,1.0,2.0,2.0,1.0,1.0,4.0,3.0,1.0,3.0,1.0,0.0,0.0,0.0,1.0,0.0,0.0,0.0,0.0,0.0,3.0,0.0,0.0,1.0,1.0,3.0,0.0,1.0,0.0,3.0,2.0,2.0,1.0,0.0,0.0,2.0,0.0,0.0,0.0,1.0,1.0,0.0,0.0,0.0,10.0,7.0,6.0,7.0,4.0,6.0,10.0,1.0,0.0,0.0,1.0,5.0,0.0,0.0,0.0,1.0,0.0,3.0,1.0,9.0,3.0,0.0,0.0,0.0,0.0,0.0,0.0,0.0,0.0,1.0,18.0,1.0,1.0,0.0,0.0,0.0,1.0
Политика и глобальное управление в Евразии,0.0,0.0,0.0,0.0,0.0,0.0,0.0,0.0,0.0,0.0,0.0,0.0,0.0,0.0,0.0,0.0,0.0,0.0,0.0,1.0,1.0,1.0,0.0,1.0,0.0,0.0,0.0,0.0,0.0,0.0,1.0,1.0,2.0,3.0,0.0,0.0,0.0,0.0,0.0,0.0,0.0,1.0,0.0,0.0,0.0,0.0,1.0,1.0,1.0,1.0,1.0,0.0,0.0,1.0,0.0,1.0,1.0,1.0,2.0,1.0,1.0,1.0,0.0,1.0,1.0,1.0,0.0,0.0,0.0,0.0,0.0,1.0,0.0,0.0,0.0,0.0,0.0,0.0,0.0,2.0,0.0,0.0,1.0,0.0,0.0,1.0,1.0,0.0,0.0,1.0,2.0,6.0,5.0,2.0,3.0,1.0,3.0,4.0,4.0,1.0,3.0,0.0,1.0,1.0,4.0,0.0,3.0,1.0,1.0,0.0,2.0,0.0,0.0,0.0,0.0,0.0,0.0,2.0,1.0,18.0,7.0,0.0,0.0,0.0,0.0
Политика и глобальное управление в Евразии,0.0,0.0,0.0,0.0,0.0,0.0,0.0,0.0,0.0,0.0,0.0,0.0,0.0,0.0,0.0,0.0,0.0,0.0,0.0,0.0,0.0,0.0,0.0,0.0,0.0,0.0,0.0,0.0,0.0,0.0,0.0,0.0,0.0,1.0,0.0,0.0,0.0,0.0,0.0,0.0,0.0,0.0,0.0,0.0,0.0,0.0,0.0,0.0,0.0,0.0,0.0,0.0,0.0,0.0,0.0,0.0,0.0,0.0,1.0,0.0,0.0,0.0,0.0,0.0,0.0,0.0,0.0,0.0,0.0,0.0,0.0,0.0,0.0,0.0,0.0,0.0,0.0,0.0,0.0,1.0,0.0,0.0,0.0,0.0,0.0,0.0,0.0,0.0,0.0,0.0,1.0,2.0,1.0,0.0,2.0,0.0,2.0,1.0,1.0,1.0,0.0,0.0,1.0,1.0,1.0,0.0,2.0,0.0,0.0,0.0,0.0,0.0,0.0,0.0,0.0,0.0,0.0,1.0,1.0,7.0,9.0,0.0,0.0,0.0,0.0
Религиозная дипломатия в многополярном мире,0.0,0.0,0.0,0.0,0.0,0.0,0.0,0.0,0.0,0.0,0.0,0.0,0.0,0.0,0.0,0.0,0.0,0.0,0.0,0.0,0.0,0.0,1.0,3.0,1.0,0.0,0.0,0.0,0.0,0.0,1.0,1.0,1.0,4.0,0.0,0.0,0.0,2.0,2.0,2.0,3.0,3.0,2.0,0.0,1.0,6.0,1.0,1.0,1.0,1.0,1.0,0.0,1.0,2.0,0.0,2.0,5.0,3.0,10.0,2.0,3.0,3.0,3.0,2.0,3.0,3.0,2.0,1.0,2.0,1.0,5.0,5.0,2.0,2.0,3.0,2.0,2.0,1.0,1.0,2.0,2.0,6.0,1.0,0.0,1.0,0.0,0.0,0.0,0.0,0.0,0.0,0.0,0.0,0.0,0.0,0.0,0.0,0.0,0.0,0.0,0.0,0.0,0.0,0.0,0.0,0.0,0.0,0.0,0.0,0.0,2.0,0.0,0.0,2.0,2.0,2.0,0.0,0.0,0.0,0.0,0.0,15.0,0.0,0.0,1.0
Умные устройства: аппаратная разработка,5.0,2.0,8.0,4.0,17.0,11.0,10.0,7.0,15.0,11.0,12.0,15.0,10.0,21.0,3.0,0.0,1.0,0.0,18.0,0.0,0.0,0.0,3.0,0.0,3.0,4.0,5.0,1.0,0.0,11.0,0.0,1.0,1.0,1.0,0.0,2.0,0.0,0.0,0.0,1.0,0.0,1.0,0.0,0.0,0.0,0.0,1.0,0.0,1.0,1.0,0.0,0.0,0.0,0.0,0.0,0.0,0.0,0.0,0.0,0.0,0.0,0.0,0.0,0.0,0.0,0.0,0.0,0.0,0.0,7.0,0.0,0.0,0.0,0.0,0.0,0.0,1.0,0.0,0.0,1.0,0.0,0.0,0.0,0.0,0.0,2.0,2.0,0.0,0.0,0.0,0.0,0.0,0.0,0.0,0.0,0.0,0.0,0.0,0.0,0.0,0.0,0.0,0.0,0.0,0.0,0.0,0.0,0.0,1.0,2.0,0.0,1.0,3.0,1.0,0.0,0.0,0.0,0.0,0.0,0.0,0.0,0.0,36.0,0.0,0.0
Пространственные данные и прикладная геоаналитика,0.0,0.0,0.0,0.0,1.0,0.0,0.0,0.0,0.0,0.0,0.0,1.0,0.0,0.0,0.0,0.0,6.0,4.0,0.0,0.0,0.0,0.0,1.0,1.0,0.0,0.0,0.0,1.0,0.0,0.0,0.0,0.0,0.0,0.0,1.0,1.0,0.0,0.0,0.0,0.0,0.0,0.0,0.0,1.0,1.0,2.0,0.0,0.0,1.0,0.0,0.0,0.0,1.0,0.0,1.0,0.0,0.0,0.0,1.0,0.0,0.0,0.0,0.0,0.0,1.0,0.0,0.0,0.0,1.0,0.0,0.0,0.0,0.0,0.0,0.0,0.0,0.0,0.0,1.0,0.0,0.0,0.0,0.0,0.0,0.0,0.0,0.0,0.0,0.0,0.0,0.0,0.0,1.0,0.0,0.0,0.0,0.0,0.0,0.0,0.0,0.0,0.0,0.0,0.0,0.0,0.0,0.0,0.0,0.0,0.0,0.0,1.0,0.0,1.0,0.0,1.0,0.0,0.0,0.0,0.0,0.0,0.0,0.0,15.0,1.0
Доказательное развитие образования,0.0,0.0,0.0,0.0,0.0,0.0,0.0,0.0,0.0,0.0,0.0,0.0,0.0,0.0,0.0,0.0,2.0,0.0,0.0,1.0,1.0,1.0,1.0,5.0,2.0,0.0,0.0,0.0,1.0,0.0,3.0,4.0,2.0,3.0,0.0,0.0,0.0,0.0,0.0,0.0,0.0,1.0,2.0,2.0,1.0,11.0,4.0,4.0,3.0,3.0,4.0,3.0,7.0,4.0,2.0,1.0,1.0,1.0,2.0,1.0,1.0,1.0,1.0,1.0,4.0,1.0,1.0,2.0,2.0,0.0,1.0,1.0,1.0,2.0,3.0,2.0,1.0,1.0,3.0,1.0,0.0,0.0,0.0,2.0,1.0,0.0,0.0,0.0,1.0,1.0,1.0,1.0,2.0,1.0,1.0,1.0,0.0,0.0,0.0,1.0,0.0,0.0,0.0,0.0,0.0,1.0,0.0,1.0,0.0,0.0,0.0,0.0,0.0,0.0,1.0,1.0,0.0,1.0,1.0,0.0,0.0,1.0,0.0,1.0,20.0
